-- phpMyAdmin SQL Dump
-- version 5.1.3
-- https://www.phpmyadmin.net/
--
-- Хост: localhost
-- Время создания: Авг 29 2023 г., 12:41
-- Версия сервера: 10.3.28-MariaDB
-- Версия PHP: 7.2.24

SET SQL_MODE = "NO_AUTO_VALUE_ON_ZERO";
START TRANSACTION;
SET time_zone = "+00:00";


/*!40101 SET @OLD_CHARACTER_SET_CLIENT=@@CHARACTER_SET_CLIENT */;
/*!40101 SET @OLD_CHARACTER_SET_RESULTS=@@CHARACTER_SET_RESULTS */;
/*!40101 SET @OLD_COLLATION_CONNECTION=@@COLLATION_CONNECTION */;
/*!40101 SET NAMES utf8mb4 */;

--
-- База данных: `otchetnost`
--

-- --------------------------------------------------------

--
-- Структура таблицы `administatrors_user`
--

CREATE TABLE `administatrors_user` (
  `id` int(11) NOT NULL,
  `login` varchar(255) NOT NULL,
  `name_fam` text NOT NULL,
  `biblios` longtext NOT NULL,
  `pass` longtext NOT NULL,
  `PravaDostups` longtext NOT NULL DEFAULT 'work-cod:0;key-indicators:0;cultural-events:0;',
  `hashauth` longtext NOT NULL,
  `message_watch` enum('yes','no') NOT NULL DEFAULT 'no'
) ENGINE=InnoDB DEFAULT CHARSET=utf8mb4;

--
-- Дамп данных таблицы `administatrors_user`
--

INSERT INTO `administatrors_user` (`id`, `login`, `name_fam`, `biblios`, `pass`, `PravaDostups`, `hashauth`, `message_watch`) VALUES
(1, 'admin', 'Александр Пирожников', 'Центральная библиотека', 'a6fd9318ab290859cabc7bc762e710dc', 'work-cod:1;key-indicators:1;cultural-events:1;', '4d334dd3777c8f9ea571ccc5b0d92650d53dccd5d042cd9010fb4a8b7a548073', 'yes'),
(2, 'test', 'Тестовый пользователь', 'Центральная тестовая библиотека', 'a6fd9318ab290859cabc7bc762e710dc', 'work-cod:0;key-indicators:0;cultural-events:0;', '', 'no'),
(3, 'kna', 'Наталья Коршунова', 'Центральная районная библиотека', '7f2e37b70c36aed7b0f4c43d6f63804d', 'work-cod:1;key-indicators:0;cultural-events:0;', '9b26c7a96d4ee75ef8ee5f48eb708a8f96cf53e77ff49393e167f909af60975e', 'yes'),
(4, 'goa', 'Ольга Горбунова', 'Советская центральная детская библиотека', 'dd0c1c29982a1cc1292e019211ee277d', 'work-cod:0;key-indicators:0;cultural-events:0;', '77e9e5c5805a375b2dc07be63e872acd6cd71607775c95d5bb0ef6f37dad76d0', 'yes'),
(5, 'kev', 'Елена Кораблева', 'Библиотека семейного чтения \"Солнечная\"', 'dd0c1c29982a1cc1292e019211ee277d', 'work-cod:0;key-indicators:0;cultural-events:0;', '975253adae4b4e1704bda932e7ae8f543f89382fa78f0f94f8ad0199e0948b95', 'yes'),
(6, 'seu', 'Елена Стесова', 'Агиришская библиотека', 'dd0c1c29982a1cc1292e019211ee277d', 'work-cod:0;key-indicators:0;cultural-events:0;', '57dfef6add7ab542eebf79036965b60947bc10fbafdd9884f9fca6a577af04da', 'yes'),
(7, 'ikf', 'Ксения Ибраимова', 'Алябьевская модельная сельская библиотека', 'dd0c1c29982a1cc1292e019211ee277d', 'work-cod:0;key-indicators:0;cultural-events:0;', 'fd7ea230eb64922f96efdb04beac7d6e611df1587364b8ecc4dd8df753474760', 'yes'),
(8, 'via', 'Ирина Волкова', 'Зеленоборская библиотека', 'dd0c1c29982a1cc1292e019211ee277d', 'work-cod:0;key-indicators:0;cultural-events:0;', 'd89ed98b6553951557e60b1ef6d9746ecc4f3a207be4f25eef43175a6a26041d', 'yes'),
(9, 'rmb', 'Марина Рыжанкова', 'Коммунистическая библиотека', 'dd0c1c29982a1cc1292e019211ee277d', 'work-cod:0;key-indicators:0;cultural-events:0;', 'd593650d2ab8c641c1e084197d556fbd4eb43e23bcf14a0252a43006b5e94e67', 'yes'),
(10, 'mgg', 'Галина Манцевич', 'Малиновская библиотека', 'dd0c1c29982a1cc1292e019211ee277d', 'work-cod:0;key-indicators:0;cultural-events:0;', '15d2dfeccbdef3e472b68ca7285406882b42f015f528414b67ba3c2339d4365d', 'yes'),
(11, 'dus', 'Юлия Дудкина', 'Пионерская библиотека им. А. М. Казанцева', 'dd0c1c29982a1cc1292e019211ee277d', 'work-cod:0;key-indicators:0;cultural-events:0;', '4a04a19e1d47320bad75dc57158e80f11a5e6442e45dc33a356891c283722fcd', 'yes'),
(12, 'kos', 'Елена Макарова', 'Пионерская детская библиотека', 'dd0c1c29982a1cc1292e019211ee277d', 'work-cod:0;key-indicators:0;cultural-events:0;', '342f10621ecad37b4f44bc739422c679bcbb7a9b7449fee5eaecb78f713c3814', 'yes'),
(13, 'pts', 'Татьяна Подолюк', 'Таёжная библиотека', 'dd0c1c29982a1cc1292e019211ee277d', 'work-cod:0;key-indicators:0;cultural-events:0;', '026c4162b7dbed97633dc1120f1b15a6f1a66e7315109a483c13130f194df5f6', 'yes'),
(14, 'dns', 'Наталья Дударева ', 'Юбилейная модельная сельская библиотека', 'dd0c1c29982a1cc1292e019211ee277d', 'work-cod:0;key-indicators:0;cultural-events:0;', '6c786878dfaf20caf908a305c342690c8edbf3bc2292645822d4b59d86ec5009', 'yes'),
(15, 'uni', 'Нина Усенко', 'Центральная районная библиотека', '7f2e37b70c36aed7b0f4c43d6f63804d', 'work-cod:0;key-indicators:1;cultural-events:1;cultural-events:0;', '8de05ac8e88ea3496fd6373f3443c83452c739af6c55ea86aafc7d187751d35c', 'no'),
(16, 'xnv', 'Надежда Харитонова', 'Центральная районная библиотека', '7f2e37b70c36aed7b0f4c43d6f63804d', 'work-cod:0;key-indicators:0;cultural-events:0;', '5ae390e16ce2d74eb9c2b59bae4aee7817d8fb48786610866bf31bf64b6aa15b', 'yes'),
(17, 'shev', 'Елена Шестаева', 'Центральная Библоитека', 'a6fd9318ab290859cabc7bc762e710dc', 'work-cod:0;key-indicators:0;cultural-events:0;', '', 'no');

-- --------------------------------------------------------

--
-- Структура таблицы `answer_message_alert_users`
--

CREATE TABLE `answer_message_alert_users` (
  `id` int(11) NOT NULL,
  `id_users` int(11) NOT NULL,
  `date` text NOT NULL,
  `message` longtext NOT NULL
) ENGINE=InnoDB DEFAULT CHARSET=utf8mb4;

--
-- Дамп данных таблицы `answer_message_alert_users`
--

INSERT INTO `answer_message_alert_users` (`id`, `id_users`, `date`, `message`) VALUES
(1, 1, '12-12-2022 12:10', 'Это Администратор, жду когда придут ответы целый месяц.'),
(2, 5, '12-12-2022 12:53', ''),
(3, 4, '22-12-2022 8:46', ''),
(4, 14, '22-12-2022 17:35', ''),
(5, 8, '23-12-2022 11:06', ''),
(6, 3, '23-12-2022 14:17', ''),
(7, 16, '23-12-2022 16:35', ''),
(8, 9, '01-01-2023 16:30', ''),
(9, 11, '02-02-2023 16:12', ''),
(10, 6, '02-02-2023 18:00', 'Все'),
(11, 13, '03-02-2023 12:43', ''),
(12, 12, '03-02-2023 15:15', 'Все отчеты, в итоге дающие годовые показатели'),
(13, 7, '03-02-2023 15:18', ''),
(14, 10, '07-02-2023 13:55', '');

-- --------------------------------------------------------

--
-- Структура таблицы `cultural_events`
--

CREATE TABLE `cultural_events` (
  `id_otchets` int(11) NOT NULL,
  `id_user` int(11) NOT NULL,
  `date_otcht` text NOT NULL,
  `number_visits` int(11) NOT NULL DEFAULT 0,
  `number_preferential_visits` int(11) NOT NULL DEFAULT 0,
  `number_preferential_visits_free_charge` int(11) NOT NULL DEFAULT 0,
  `number_preferential_visits_reimbursable_basis` int(11) NOT NULL DEFAULT 0,
  `g9_r4_6nk` int(11) NOT NULL DEFAULT 0,
  `g9_r4_6nk_free_charge` int(11) NOT NULL DEFAULT 0,
  `g9_r4_6nk_reimbursable_basis` int(11) NOT NULL DEFAULT 0,
  `g16_r4_6nk` int(11) NOT NULL DEFAULT 0,
  `g16_r4_6nk_free_charge` int(11) NOT NULL DEFAULT 0,
  `g16_r4_6nk_reimbursable_basis` int(11) NOT NULL DEFAULT 0,
  `g12_r4_6nk` int(11) NOT NULL DEFAULT 0,
  `g12_r4_6nk_free_charge` int(11) NOT NULL DEFAULT 0,
  `g12_r4_6nk_reimbursable_basis` int(11) NOT NULL DEFAULT 0,
  `number_employees` int(11) NOT NULL DEFAULT 0,
  `having_state_awards` int(11) NOT NULL DEFAULT 0,
  `number_vacant_positions` int(11) NOT NULL DEFAULT 0
) ENGINE=InnoDB DEFAULT CHARSET=utf8mb4;

--
-- Дамп данных таблицы `cultural_events`
--

INSERT INTO `cultural_events` (`id_otchets`, `id_user`, `date_otcht`, `number_visits`, `number_preferential_visits`, `number_preferential_visits_free_charge`, `number_preferential_visits_reimbursable_basis`, `g9_r4_6nk`, `g9_r4_6nk_free_charge`, `g9_r4_6nk_reimbursable_basis`, `g16_r4_6nk`, `g16_r4_6nk_free_charge`, `g16_r4_6nk_reimbursable_basis`, `g12_r4_6nk`, `g12_r4_6nk_free_charge`, `g12_r4_6nk_reimbursable_basis`, `number_employees`, `having_state_awards`, `number_vacant_positions`) VALUES
(1, 16, '2022_8', 11835, 0, 11777, 58, 2070, 2012, 58, 9672, 9672, 0, 93, 93, 0, 0, 0, 0),
(2, 12, '2022_8', 1455, 0, 1455, 0, 1414, 1414, 0, 0, 0, 0, 41, 41, 0, 2, 0, 0),
(3, 5, '2022_9', 1180, 0, 0, 0, 799, 799, 0, 0, 0, 0, 381, 381, 0, 2, 0, 0),
(4, 16, '2022_9', 11514, 8, 11498, 36, 2774, 2738, 36, 7687, 7687, 0, 1053, 1053, 0, 0, 0, 0),
(5, 12, '2022_9', 1369, 0, 1369, 0, 1369, 0, 0, 0, 0, 0, 0, 0, 0, 2, 0, 0),
(6, 13, '2022_10', 1355, 0, 1355, 0, 1342, 1342, 0, 0, 0, 0, 13, 13, 0, 2, 0, 0),
(7, 16, '2022_10', 14179, 0, 14097, 82, 3189, 3107, 82, 10512, 10512, 0, 478, 478, 0, 0, 0, 0),
(8, 5, '2022_10', 1466, 0, 0, 0, 804, 804, 0, 0, 0, 0, 662, 662, 0, 2, 0, 0),
(9, 16, '2022_11', 12009, 0, 12000, 9, 3175, 3166, 9, 8240, 8240, 0, 594, 594, 0, 0, 0, 0),
(10, 16, '2023_1', 166020, 0, 16582, 20, 3141, 3121, 20, 12900, 12900, 0, 561, 561, 0, 0, 0, 0),
(11, 13, '2023_1', 622, 0, 622, 0, 587, 587, 0, 0, 0, 0, 35, 35, 0, 0, 0, 0),
(12, 16, '2023_2', 17706, 8, 17658, 48, 2798, 2750, 48, 14395, 14395, 0, 513, 513, 0, 0, 0, 0),
(13, 16, '2023_5', 11566, 0, 11462, 104, 2796, 2692, 104, 8267, 8267, 0, 503, 503, 0, 0, 0, 0),
(14, 16, '2023_7', 9908, 0, 9855, 53, 1795, 1795, 0, 7959, 7959, 0, 154, 101, 53, 0, 0, 0);

-- --------------------------------------------------------

--
-- Структура таблицы `cultural_events_arkhive`
--

CREATE TABLE `cultural_events_arkhive` (
  `id_arhive` int(11) NOT NULL,
  `date_arhive` text NOT NULL,
  `file` text NOT NULL
) ENGINE=InnoDB DEFAULT CHARSET=utf8mb4;

-- --------------------------------------------------------

--
-- Структура таблицы `cultural_events_log_edit`
--

CREATE TABLE `cultural_events_log_edit` (
  `id_edit` int(20) NOT NULL,
  `id_otchet` int(11) NOT NULL,
  `id_author_edit` int(11) NOT NULL,
  `date_edit` text NOT NULL,
  `method` text NOT NULL
) ENGINE=InnoDB DEFAULT CHARSET=utf8mb4;

--
-- Дамп данных таблицы `cultural_events_log_edit`
--

INSERT INTO `cultural_events_log_edit` (`id_edit`, `id_otchet`, `id_author_edit`, `date_edit`, `method`) VALUES
(1, 1, 16, '02-09-2022 11:00', 'Send'),
(2, 2, 12, '04-09-2022 16:43', 'Send'),
(3, 3, 5, '02-10-2022 14:42', 'Send'),
(4, 4, 16, '03-10-2022 9:19', 'Send'),
(5, 5, 12, '03-10-2022 12:24', 'Send'),
(6, 6, 13, '01-11-2022 10:27', 'Send'),
(7, 7, 16, '01-11-2022 10:36', 'Send'),
(8, 8, 5, '02-11-2022 11:42', 'Send'),
(9, 9, 16, '02-12-2022 9:51', 'Send'),
(10, 10, 16, '01-02-2023 10:16', 'Send'),
(11, 11, 13, '03-02-2023 12:53', 'Send'),
(12, 12, 16, '02-03-2023 17:34', 'Send'),
(13, 13, 16, '01-06-2023 9:33', 'Send'),
(14, 14, 16, '01-08-2023 9:22', 'Send');

-- --------------------------------------------------------

--
-- Структура таблицы `key_indicators`
--

CREATE TABLE `key_indicators` (
  `id_otchet` int(11) NOT NULL,
  `id_author` int(11) NOT NULL,
  `date` text NOT NULL,
  `readers` int(10) NOT NULL DEFAULT 0,
  `readers_15_30` int(10) NOT NULL DEFAULT 0,
  `state_service` int(10) NOT NULL DEFAULT 0,
  `edd` int(10) NOT NULL DEFAULT 0,
  `litres` int(10) NOT NULL DEFAULT 0,
  `visits` int(11) NOT NULL DEFAULT 0,
  `visits_stationary` int(11) NOT NULL DEFAULT 0,
  `visits_out_station` int(11) NOT NULL DEFAULT 0,
  `visits_site` int(11) NOT NULL DEFAULT 0,
  `book_publishing` int(11) NOT NULL DEFAULT 0,
  `book_publishing_15_30` int(11) NOT NULL DEFAULT 0,
  `book_publishing_stationary` int(11) NOT NULL DEFAULT 0,
  `book_publishing_outof_station` int(11) NOT NULL DEFAULT 0,
  `book_publishing_periodically` int(11) NOT NULL DEFAULT 0,
  `book_publishing_books` int(11) NOT NULL DEFAULT 0,
  `book_publishing_av` int(11) NOT NULL DEFAULT 0,
  `book_publishing_electronic_media` int(11) NOT NULL DEFAULT 0,
  `book_publishing_vtch_edd` int(11) NOT NULL DEFAULT 0,
  `book_publishing_litres` int(11) NOT NULL DEFAULT 0,
  `book_publishing_opl` int(11) NOT NULL DEFAULT 0,
  `book_publishing_enl` int(11) NOT NULL DEFAULT 0,
  `book_publishing_tex` int(11) NOT NULL DEFAULT 0,
  `book_publishing_sx` int(11) NOT NULL DEFAULT 0,
  `book_publishing_isky` int(11) NOT NULL DEFAULT 0,
  `book_publishing_xyd` int(11) NOT NULL DEFAULT 0,
  `book_publishing_det` int(11) NOT NULL DEFAULT 0,
  `book_publishing_proch` int(11) NOT NULL DEFAULT 0,
  `events` int(11) NOT NULL DEFAULT 0,
  `events_stationary` int(11) NOT NULL DEFAULT 0,
  `events_out_station` int(11) NOT NULL DEFAULT 0,
  `events_sits` int(11) NOT NULL DEFAULT 0,
  `visits2` int(11) NOT NULL DEFAULT 0,
  `visits2_stationary` int(11) NOT NULL DEFAULT 0,
  `visits2_out_station` int(11) NOT NULL DEFAULT 0,
  `indiv_info` int(11) NOT NULL DEFAULT 0,
  `group_info` int(11) NOT NULL DEFAULT 0,
  `d14_readers` int(11) NOT NULL DEFAULT 0,
  `d14_vch_15_30` int(11) NOT NULL DEFAULT 0,
  `d14_state_uslugi` int(11) NOT NULL DEFAULT 0,
  `d14_edd` int(11) NOT NULL DEFAULT 0,
  `d14_litres` int(11) NOT NULL DEFAULT 0,
  `d14_visits` int(11) NOT NULL DEFAULT 0,
  `d14_visits_stationary` int(11) NOT NULL DEFAULT 0,
  `d14_visits_out_station` int(11) NOT NULL DEFAULT 0,
  `d14_visits_sits` int(11) NOT NULL DEFAULT 0,
  `d14_book_pub` int(11) NOT NULL DEFAULT 0,
  `d14_book_pub_15_30` int(11) NOT NULL DEFAULT 0,
  `d14_book_pub_stationary` int(11) NOT NULL DEFAULT 0,
  `d14_book_pub_out_station` int(11) NOT NULL DEFAULT 0,
  `d14_book_pub_periodically` int(11) NOT NULL DEFAULT 0,
  `d14_book_pub_books` int(11) NOT NULL DEFAULT 0,
  `d14_book_pub_books_av` int(11) NOT NULL DEFAULT 0,
  `d14_book_pub_electronic_media` int(11) NOT NULL DEFAULT 0,
  `d14_book_pub_edd` int(11) NOT NULL DEFAULT 0,
  `d14_book_pub_litres` int(11) NOT NULL DEFAULT 0,
  `d14_book_pub_opl` int(11) NOT NULL DEFAULT 0,
  `d14_book_pub_enl` int(11) NOT NULL DEFAULT 0,
  `d14_book_pub_tex` int(11) NOT NULL DEFAULT 0,
  `d14_book_pub_sx` int(11) NOT NULL DEFAULT 0,
  `d14_book_pub_iskys` int(11) NOT NULL DEFAULT 0,
  `d14_book_pub_hudozh` int(11) NOT NULL DEFAULT 0,
  `d14_book_pub_det` int(11) NOT NULL DEFAULT 0,
  `d14_book_pub_proch` int(11) NOT NULL DEFAULT 0,
  `d14_events` int(11) NOT NULL DEFAULT 0,
  `d14_events_stationary` int(11) NOT NULL DEFAULT 0,
  `d14_events_out_station` int(11) NOT NULL DEFAULT 0,
  `d14_events_sits` int(11) NOT NULL DEFAULT 0,
  `d14_vesites` int(11) NOT NULL DEFAULT 0,
  `d14_vesites_stationary` int(11) NOT NULL DEFAULT 0,
  `d14_vesites_out_station` int(11) NOT NULL DEFAULT 0,
  `d14_indiv_info` int(11) NOT NULL DEFAULT 0,
  `d14_group_info` int(11) NOT NULL DEFAULT 0,
  `s15_readers` int(11) NOT NULL DEFAULT 0,
  `s15_vch_15_30` int(11) NOT NULL DEFAULT 0,
  `s15_state_uslugi` int(11) NOT NULL DEFAULT 0,
  `s15_edd` int(11) NOT NULL DEFAULT 0,
  `s15_litres` int(11) NOT NULL DEFAULT 0,
  `s15_visits` int(11) NOT NULL DEFAULT 0,
  `s15_visits_stationary` int(11) NOT NULL DEFAULT 0,
  `s15_visits_out_station` int(11) NOT NULL DEFAULT 0,
  `s15_visits_sits` int(11) NOT NULL DEFAULT 0,
  `s15_book_pub` int(11) NOT NULL DEFAULT 0,
  `s15_book_pub_15_30` int(11) NOT NULL DEFAULT 0,
  `s15_book_pub_stationary` int(11) NOT NULL DEFAULT 0,
  `s15_book_pub_out_station` int(11) NOT NULL DEFAULT 0,
  `s15_book_pub_periodically` int(11) NOT NULL DEFAULT 0,
  `s15_book_pub_books` int(11) NOT NULL DEFAULT 0,
  `s15_book_pub_books_av` int(11) NOT NULL DEFAULT 0,
  `s15_book_pub_electronic_media` int(11) NOT NULL DEFAULT 0,
  `s15_book_pub_edd` int(11) NOT NULL DEFAULT 0,
  `s15_book_pub_litres` int(11) NOT NULL DEFAULT 0,
  `s15_book_pub_opl` int(11) NOT NULL DEFAULT 0,
  `s15_book_pub_enl` int(11) NOT NULL DEFAULT 0,
  `s15_book_pub_tex` int(11) NOT NULL DEFAULT 0,
  `s15_book_pub_sx` int(11) NOT NULL DEFAULT 0,
  `s15_book_pub_iskys` int(11) NOT NULL DEFAULT 0,
  `s15_book_pub_hudozh` int(11) NOT NULL DEFAULT 0,
  `s15_book_pub_det` int(11) NOT NULL DEFAULT 0,
  `s15_book_pub_proch` int(11) NOT NULL DEFAULT 0,
  `s15_events` int(11) NOT NULL DEFAULT 0,
  `s15_events_stationary` int(11) NOT NULL DEFAULT 0,
  `s15_events_out_station` int(11) NOT NULL DEFAULT 0,
  `s15_events_sits` int(11) NOT NULL DEFAULT 0,
  `s15_vesites` int(11) NOT NULL DEFAULT 0,
  `s15_vesites_stationary` int(11) NOT NULL DEFAULT 0,
  `s15_vesites_out_station` int(11) NOT NULL DEFAULT 0,
  `s15_indiv_info` int(11) NOT NULL DEFAULT 0,
  `s15_group_info` int(11) NOT NULL DEFAULT 0
) ENGINE=InnoDB DEFAULT CHARSET=utf8mb4;

--
-- Дамп данных таблицы `key_indicators`
--

INSERT INTO `key_indicators` (`id_otchet`, `id_author`, `date`, `readers`, `readers_15_30`, `state_service`, `edd`, `litres`, `visits`, `visits_stationary`, `visits_out_station`, `visits_site`, `book_publishing`, `book_publishing_15_30`, `book_publishing_stationary`, `book_publishing_outof_station`, `book_publishing_periodically`, `book_publishing_books`, `book_publishing_av`, `book_publishing_electronic_media`, `book_publishing_vtch_edd`, `book_publishing_litres`, `book_publishing_opl`, `book_publishing_enl`, `book_publishing_tex`, `book_publishing_sx`, `book_publishing_isky`, `book_publishing_xyd`, `book_publishing_det`, `book_publishing_proch`, `events`, `events_stationary`, `events_out_station`, `events_sits`, `visits2`, `visits2_stationary`, `visits2_out_station`, `indiv_info`, `group_info`, `d14_readers`, `d14_vch_15_30`, `d14_state_uslugi`, `d14_edd`, `d14_litres`, `d14_visits`, `d14_visits_stationary`, `d14_visits_out_station`, `d14_visits_sits`, `d14_book_pub`, `d14_book_pub_15_30`, `d14_book_pub_stationary`, `d14_book_pub_out_station`, `d14_book_pub_periodically`, `d14_book_pub_books`, `d14_book_pub_books_av`, `d14_book_pub_electronic_media`, `d14_book_pub_edd`, `d14_book_pub_litres`, `d14_book_pub_opl`, `d14_book_pub_enl`, `d14_book_pub_tex`, `d14_book_pub_sx`, `d14_book_pub_iskys`, `d14_book_pub_hudozh`, `d14_book_pub_det`, `d14_book_pub_proch`, `d14_events`, `d14_events_stationary`, `d14_events_out_station`, `d14_events_sits`, `d14_vesites`, `d14_vesites_stationary`, `d14_vesites_out_station`, `d14_indiv_info`, `d14_group_info`, `s15_readers`, `s15_vch_15_30`, `s15_state_uslugi`, `s15_edd`, `s15_litres`, `s15_visits`, `s15_visits_stationary`, `s15_visits_out_station`, `s15_visits_sits`, `s15_book_pub`, `s15_book_pub_15_30`, `s15_book_pub_stationary`, `s15_book_pub_out_station`, `s15_book_pub_periodically`, `s15_book_pub_books`, `s15_book_pub_books_av`, `s15_book_pub_electronic_media`, `s15_book_pub_edd`, `s15_book_pub_litres`, `s15_book_pub_opl`, `s15_book_pub_enl`, `s15_book_pub_tex`, `s15_book_pub_sx`, `s15_book_pub_iskys`, `s15_book_pub_hudozh`, `s15_book_pub_det`, `s15_book_pub_proch`, `s15_events`, `s15_events_stationary`, `s15_events_out_station`, `s15_events_sits`, `s15_vesites`, `s15_vesites_stationary`, `s15_vesites_out_station`, `s15_indiv_info`, `s15_group_info`) VALUES
(1, 8, '2022_8', 1051, 116, 0, 7, 75, 11319, 8518, 2801, 0, 20683, 1053, 16542, 4141, 15909, 3621, 676, 477, 24, 370, 8164, 467, 1794, 283, 1725, 3113, 5135, 2, 203, 123, 80, 0, 3745, 2158, 1587, 0, 0, 611, 0, 0, 0, 2, 6506, 4302, 2204, 0, 11697, 0, 8117, 3580, 8628, 2447, 612, 10, 0, 2, 2580, 343, 1018, 101, 1312, 1782, 4559, 2, 187, 120, 67, 0, 2828, 1772, 1056, 0, 0, 440, 116, 0, 7, 73, 4813, 4216, 597, 0, 8986, 1053, 8425, 561, 7281, 1174, 64, 467, 24, 368, 5584, 124, 776, 182, 413, 1331, 576, 0, 16, 3, 13, 0, 917, 386, 531, 4, 0),
(2, 4, '2022_8', 3159, 34, 0, 0, 0, 34643, 20944, 13699, 0, 65648, 237, 42642, 23006, 30601, 33622, 608, 817, 0, 0, 6561, 3016, 3437, 2688, 1248, 12342, 35338, 1018, 587, 367, 220, 0, 23064, 10538, 12526, 0, 0, 3015, 0, 0, 0, 0, 32816, 19221, 13595, 0, 64381, 0, 41375, 23006, 30322, 32644, 608, 807, 0, 0, 6215, 2970, 3380, 2683, 1226, 11667, 35261, 979, 584, 365, 219, 0, 22511, 10089, 12422, 0, 0, 144, 34, 0, 0, 0, 1827, 1723, 104, 0, 1267, 237, 1267, 0, 279, 978, 0, 10, 0, 0, 346, 46, 57, 5, 22, 675, 77, 39, 3, 2, 1, 0, 553, 449, 104, 6, 0),
(3, 14, '2022_8', 538, 38, 0, 0, 15, 3622, 3573, 49, 0, 14713, 651, 14713, 0, 10494, 4207, 12, 0, 0, 65, 2888, 1047, 1760, 1573, 1270, 3901, 1995, 279, 109, 102, 7, 0, 369, 320, 49, 0, 0, 242, 0, 0, 0, 1, 1729, 1707, 22, 0, 7125, 0, 7125, 0, 5072, 2041, 12, 0, 0, 1, 1026, 357, 722, 708, 436, 1870, 1987, 19, 90, 88, 2, 0, 275, 253, 22, 0, 0, 296, 38, 0, 0, 14, 1893, 1866, 27, 0, 7588, 651, 7588, 0, 5422, 2166, 0, 0, 0, 64, 1862, 690, 1038, 865, 834, 2031, 8, 260, 19, 14, 5, 0, 94, 67, 27, 2, 1),
(4, 7, '2022_8', 1307, 188, 29, 24, 30, 11737, 10658, 1079, 0, 27732, 2147, 25678, 2054, 23703, 3504, 525, 0, 30, 100, 4698, 2897, 5495, 4007, 2121, 3192, 4955, 367, 147, 128, 19, 0, 2797, 2269, 528, 0, 0, 701, 0, 0, 0, 0, 5293, 4339, 954, 0, 15718, 0, 13664, 2054, 13789, 1421, 508, 0, 0, 0, 2368, 1703, 2149, 2054, 846, 1284, 4955, 359, 114, 102, 12, 0, 2161, 1758, 403, 0, 0, 606, 188, 29, 24, 30, 6444, 6319, 125, 0, 12014, 2147, 12014, 0, 9914, 2083, 17, 0, 30, 100, 2330, 1194, 3346, 1953, 1275, 1908, 0, 8, 33, 26, 7, 0, 636, 511, 125, 8, 3),
(5, 9, '2022_8', 1041, 130, 0, 11, 8, 16773, 12881, 3892, 0, 26962, 2226, 26681, 281, 17061, 5909, 3186, 806, 259, 547, 11253, 1230, 3516, 1929, 394, 3784, 4771, 85, 431, 141, 290, 0, 5560, 1711, 3849, 0, 0, 383, 0, 0, 0, 0, 8295, 4446, 3849, 0, 10112, 0, 10112, 0, 4416, 2620, 3076, 0, 0, 0, 3977, 63, 218, 164, 48, 1297, 4303, 42, 378, 111, 267, 0, 4537, 1195, 3342, 0, 0, 658, 130, 0, 11, 8, 8478, 8435, 43, 0, 16850, 2226, 16569, 281, 12645, 3289, 110, 806, 259, 547, 7276, 1167, 3298, 1765, 346, 2487, 468, 43, 53, 30, 23, 0, 1023, 516, 507, 1, 8),
(6, 16, '2022_8', 3822, 859, 0, 6, 62, 88471, 19992, 4636, 63843, 83255, 6545, 65702, 17553, 41951, 34307, 161, 6836, 3998, 1954, 19737, 5844, 18816, 4128, 3230, 29529, 500, 1471, 299, 183, 116, 0, 7391, 4117, 3274, 0, 0, 757, 0, 0, 0, 0, 2631, 1431, 1200, 0, 17240, 0, 3000, 14240, 9913, 7261, 66, 0, 0, 0, 617, 703, 7285, 163, 218, 7742, 406, 106, 68, 30, 38, 0, 1533, 837, 696, 0, 0, 3065, 859, 0, 6, 62, 85840, 18561, 3436, 63843, 66015, 6545, 62702, 3313, 32038, 27046, 95, 6836, 3998, 1954, 19120, 5141, 11531, 3965, 3012, 21787, 94, 1365, 231, 153, 78, 0, 5858, 3280, 2578, 22, 2),
(7, 10, '2022_8', 1132, 54, 7, 0, 8, 11590, 8892, 2698, 0, 27861, 365, 22995, 4866, 21849, 5418, 531, 63, 0, 66, 8277, 3009, 2769, 2189, 250, 4040, 7277, 50, 166, 127, 39, 0, 2524, 1784, 740, 0, 0, 616, 0, 0, 0, 0, 5448, 2959, 2489, 0, 13576, 0, 9476, 4100, 11336, 1709, 531, 0, 0, 0, 1408, 1723, 1875, 557, 63, 1138, 6773, 39, 149, 111, 38, 0, 2057, 1333, 724, 0, 0, 516, 54, 7, 0, 8, 6142, 5933, 209, 0, 14285, 365, 13519, 766, 10513, 3709, 0, 63, 0, 66, 6869, 1286, 894, 1632, 187, 2902, 504, 11, 17, 16, 1, 0, 467, 451, 16, 5, 5),
(8, 13, '2022_8', 1188, 360, 0, 0, 1, 11078, 10592, 486, 0, 23892, 1493, 23892, 0, 13408, 10436, 33, 15, 0, 5, 8872, 967, 864, 1008, 301, 9686, 2086, 108, 129, 113, 16, 0, 3296, 2810, 486, 0, 0, 410, 0, 0, 0, 0, 5217, 4874, 343, 0, 6420, 0, 6420, 0, 4100, 2290, 30, 0, 0, 0, 1313, 209, 249, 388, 98, 2072, 2060, 31, 117, 102, 15, 0, 3038, 2594, 444, 0, 0, 778, 360, 0, 0, 1, 5861, 5718, 143, 0, 17472, 1493, 17472, 0, 9308, 8146, 3, 15, 0, 5, 7559, 758, 615, 620, 203, 7614, 26, 77, 12, 11, 1, 0, 258, 216, 42, 0, 0),
(9, 11, '2022_8', 1031, 377, 56, 0, 1, 11865, 10137, 1728, 0, 36472, 9060, 36472, 0, 26691, 9776, 5, 0, 0, 1, 10957, 3411, 3624, 2888, 5998, 9556, 0, 38, 209, 170, 39, 0, 4158, 2430, 1728, 0, 0, 0, 0, 0, 0, 0, 0, 0, 0, 0, 0, 0, 0, 0, 0, 0, 0, 0, 0, 0, 0, 0, 0, 0, 0, 0, 0, 0, 0, 0, 0, 0, 0, 0, 0, 0, 0, 1031, 377, 56, 0, 1, 11865, 10137, 1728, 0, 36472, 9060, 36472, 0, 26691, 9776, 5, 0, 0, 1, 10957, 3411, 3624, 2888, 5998, 9556, 0, 38, 209, 170, 39, 0, 4158, 2430, 1728, 0, 0),
(10, 6, '2022_8', 584, 66, 0, 0, 13, 7680, 7162, 518, 0, 15851, 500, 15851, 0, 10654, 5197, 0, 0, 0, 62, 5147, 285, 932, 1231, 133, 4499, 3586, 38, 143, 118, 25, 0, 2705, 2187, 518, 0, 0, 286, 0, 0, 0, 0, 4032, 3554, 478, 0, 7113, 0, 7113, 0, 4400, 2713, 0, 0, 0, 0, 498, 131, 475, 15, 64, 2343, 3586, 1, 141, 117, 24, 0, 2499, 2021, 478, 0, 0, 298, 66, 0, 0, 13, 3648, 3608, 40, 0, 8738, 500, 8738, 0, 6254, 2484, 0, 0, 0, 62, 4649, 154, 457, 1216, 69, 2156, 0, 37, 2, 1, 1, 0, 206, 166, 40, 0, 0),
(11, 5, '2022_8', 942, 17, 0, 0, 5, 9558, 7190, 2368, 0, 25224, 692, 19971, 5253, 10722, 10396, 3634, 472, 0, 19, 7092, 1552, 1673, 794, 1047, 6300, 5854, 912, 189, 140, 49, 0, 2691, 1553, 1138, 0, 0, 732, 0, 0, 0, 0, 5950, 4090, 1860, 0, 16071, 0, 11458, 4613, 4986, 7245, 3569, 271, 0, 0, 3315, 874, 1278, 119, 984, 3664, 5737, 100, 145, 111, 34, 0, 2185, 1255, 930, 0, 0, 210, 17, 0, 0, 5, 3608, 3100, 508, 0, 9153, 692, 8513, 640, 5736, 3151, 65, 201, 0, 0, 3777, 674, 399, 675, 63, 2636, 117, 812, 44, 29, 15, 0, 506, 298, 208, 9, 0),
(12, 12, '2022_8', 1129, 159, 16, 0, 0, 12332, 11558, 774, 0, 37317, 962, 37317, 0, 25853, 11464, 0, 0, 0, 0, 6188, 2422, 4187, 3472, 277, 7765, 12429, 577, 140, 106, 34, 0, 2321, 1552, 769, 0, 0, 826, 0, 0, 0, 0, 11291, 10744, 547, 0, 35689, 0, 35689, 0, 24890, 10799, 0, 0, 0, 0, 5716, 2279, 4038, 3368, 252, 7183, 12323, 530, 126, 101, 25, 0, 1852, 1305, 547, 0, 0, 303, 159, 0, 0, 0, 1041, 814, 227, 0, 1628, 962, 1628, 0, 963, 665, 0, 0, 0, 0, 472, 143, 149, 104, 25, 582, 106, 47, 14, 5, 9, 0, 469, 247, 222, 0, 0),
(13, 5, '2022_9', 1060, 0, 0, 0, 5, 10630, 7881, 2749, 0, 28431, 754, 22226, 6205, 11655, 12022, 4107, 647, 0, 19, 7862, 1621, 1765, 832, 1158, 7850, 6319, 1024, 225, 161, 64, 0, 3301, 1850, 1451, 0, 0, 804, 0, 0, 0, 0, 6583, 4485, 2098, 0, 17993, 0, 12798, 5195, 5322, 8367, 4027, 277, 0, 0, 3639, 885, 1311, 119, 1090, 4636, 6206, 107, 170, 126, 44, 0, 2668, 1484, 1184, 0, 0, 256, 0, 0, 0, 5, 4047, 3396, 651, 0, 10438, 754, 9428, 1010, 6333, 3655, 80, 370, 0, 19, 4223, 736, 454, 713, 68, 3214, 113, 917, 55, 35, 20, 0, 633, 366, 267, 9, 0),
(14, 13, '2022_9', 1361, 489, 0, 0, 0, 12477, 11970, 507, 0, 28063, 1781, 28063, 0, 16047, 11920, 42, 54, 0, 15, 10390, 1094, 988, 1107, 337, 11346, 2682, 119, 135, 117, 18, 0, 3400, 2893, 507, 0, 0, 476, 0, 0, 0, 0, 5908, 5544, 364, 0, 7997, 0, 7997, 0, 5156, 2763, 39, 39, 0, 0, 1543, 225, 259, 425, 122, 2729, 2654, 40, 120, 103, 17, 0, 3090, 2629, 461, 0, 0, 885, 489, 0, 0, 0, 6569, 6426, 143, 0, 20066, 1781, 20066, 0, 10891, 9157, 3, 15, 0, 15, 8847, 869, 729, 682, 215, 8617, 28, 79, 15, 14, 1, 0, 310, 264, 46, 0, 0),
(15, 11, '2022_9', 1090, 271, 62, 0, 1, 13462, 11614, 1848, 0, 41013, 10252, 41013, 0, 30039, 10969, 5, 0, 0, 1, 12548, 3833, 4060, 3185, 6631, 10714, 0, 42, 236, 194, 42, 0, 4848, 3000, 1848, 0, 0, 0, 0, 0, 0, 0, 0, 0, 0, 0, 0, 0, 0, 0, 0, 0, 0, 0, 0, 0, 0, 0, 0, 0, 0, 0, 0, 0, 0, 0, 0, 0, 0, 0, 0, 0, 0, 1090, 271, 62, 0, 1, 13462, 11614, 1848, 0, 41013, 10252, 41013, 0, 30039, 10969, 5, 0, 0, 1, 12548, 3833, 4060, 3185, 6631, 10714, 0, 42, 236, 194, 42, 0, 4848, 3000, 1848, 0, 0),
(16, 14, '2022_9', 540, 40, 0, 0, 15, 4124, 4067, 57, 0, 16890, 831, 16890, 0, 12033, 4845, 12, 0, 0, 65, 3344, 1154, 1981, 1786, 1455, 4497, 2327, 346, 119, 111, 8, 0, 413, 356, 57, 0, 0, 242, 0, 0, 0, 1, 1965, 1943, 22, 0, 8133, 0, 8133, 0, 5783, 2338, 12, 0, 0, 1, 1167, 382, 824, 785, 502, 2133, 2319, 21, 98, 96, 2, 0, 305, 283, 22, 0, 0, 298, 40, 0, 0, 14, 2159, 2124, 35, 0, 8757, 831, 8757, 0, 6250, 2507, 0, 0, 0, 64, 2177, 772, 1157, 1001, 953, 2364, 8, 325, 21, 15, 6, 0, 108, 73, 35, 2, 1),
(17, 12, '2022_9', 1195, 178, 18, 0, 0, 13701, 12927, 774, 0, 41814, 1013, 41814, 0, 28833, 12981, 0, 0, 0, 0, 6824, 2695, 4750, 4020, 351, 8671, 13830, 673, 146, 112, 34, 0, 2428, 1654, 774, 0, 0, 871, 0, 0, 0, 0, 12599, 12052, 547, 0, 40094, 0, 40094, 0, 27816, 12278, 0, 0, 0, 0, 6326, 2544, 4579, 3911, 325, 8067, 13722, 620, 131, 106, 25, 0, 1926, 1379, 547, 0, 0, 324, 178, 18, 0, 0, 1102, 875, 227, 0, 1720, 1013, 1720, 0, 1017, 703, 0, 0, 0, 0, 498, 151, 171, 109, 26, 604, 108, 53, 15, 6, 9, 0, 502, 275, 227, 0, 0),
(18, 8, '2022_9', 1120, 122, 0, 10, 75, 12997, 9536, 3461, 0, 24068, 1512, 18755, 5313, 18593, 4142, 723, 610, 44, 482, 9141, 1080, 1853, 463, 1899, 3812, 5814, 6, 217, 131, 86, 0, 3994, 2309, 1685, 0, 0, 661, 0, 0, 0, 3, 7595, 4765, 2830, 0, 13632, 0, 8947, 4685, 10313, 2655, 649, 15, 0, 7, 2773, 901, 1029, 266, 1390, 2056, 5211, 6, 201, 128, 73, 0, 3054, 1908, 1146, 0, 0, 459, 122, 0, 10, 72, 5402, 4771, 631, 0, 10436, 1512, 9808, 628, 8280, 1487, 74, 595, 44, 475, 6368, 179, 824, 197, 509, 1756, 603, 0, 16, 3, 13, 0, 940, 401, 539, 4, 0),
(19, 6, '2022_9', 786, 103, 0, 0, 13, 8646, 8071, 575, 0, 18565, 749, 18565, 0, 12550, 6015, 0, 0, 0, 69, 6170, 310, 1092, 1458, 133, 5171, 4192, 39, 152, 124, 28, 0, 2883, 2308, 575, 0, 0, 377, 0, 0, 0, 0, 4445, 3917, 528, 0, 8245, 0, 8245, 0, 5084, 3161, 0, 0, 0, 0, 569, 146, 564, 15, 64, 2693, 4192, 2, 150, 123, 27, 0, 2658, 2130, 528, 0, 0, 409, 103, 0, 0, 13, 4201, 4154, 47, 0, 10320, 749, 10320, 0, 7466, 2854, 0, 0, 0, 69, 5601, 164, 528, 1443, 69, 2478, 0, 37, 2, 1, 1, 0, 225, 178, 47, 0, 0),
(20, 7, '2022_9', 1392, 214, 31, 26, 32, 12979, 11900, 1079, 0, 31055, 2414, 29001, 2054, 26441, 4065, 549, 0, 32, 115, 5186, 3288, 6041, 4555, 2391, 3703, 5456, 435, 153, 134, 19, 0, 2903, 2375, 528, 0, 0, 742, 0, 0, 0, 0, 5672, 4718, 954, 0, 17441, 0, 15387, 2054, 15212, 1697, 532, 0, 0, 0, 2567, 1930, 2328, 2299, 921, 1513, 5456, 427, 119, 107, 12, 0, 2237, 1834, 403, 0, 0, 650, 214, 31, 26, 32, 7307, 7182, 125, 0, 13614, 2414, 13614, 0, 11229, 2368, 17, 0, 32, 115, 2619, 1358, 3713, 2256, 1470, 2190, 0, 8, 34, 27, 7, 0, 666, 541, 125, 8, 3),
(21, 13, '2022_10', 1494, 149, 0, 0, 1, 13832, 13312, 520, 0, 32524, 1957, 32524, 0, 19379, 13028, 63, 54, 0, 25, 12710, 1213, 1037, 1209, 354, 12411, 3449, 141, 144, 125, 19, 0, 3520, 3000, 520, 0, 0, 523, 0, 0, 0, 0, 6372, 5997, 375, 0, 9438, 0, 9438, 0, 6374, 2965, 60, 39, 0, 0, 1885, 262, 284, 483, 134, 2912, 3417, 61, 129, 111, 18, 0, 3207, 2735, 472, 0, 0, 971, 149, 0, 0, 1, 7460, 7315, 145, 0, 23086, 1957, 23086, 0, 13005, 10063, 3, 15, 0, 25, 10825, 951, 753, 726, 220, 9499, 32, 80, 15, 14, 1, 0, 313, 265, 48, 0, 0),
(22, 11, '2022_10', 1140, 283, 88, 0, 1, 14911, 12943, 1968, 0, 45093, 11284, 45093, 0, 33036, 12052, 5, 0, 0, 1, 14060, 4206, 4482, 3350, 7172, 11777, 0, 46, 261, 216, 45, 0, 5220, 3252, 1968, 0, 0, 0, 0, 0, 0, 0, 0, 0, 0, 0, 0, 0, 0, 0, 0, 0, 0, 0, 0, 0, 0, 0, 0, 0, 0, 0, 0, 0, 0, 0, 0, 0, 0, 0, 0, 0, 0, 1140, 283, 88, 0, 1, 14911, 12943, 1968, 0, 45093, 11284, 45093, 0, 33036, 12052, 5, 0, 0, 1, 14060, 4206, 4482, 3350, 7172, 11777, 0, 46, 261, 216, 45, 0, 5220, 3252, 1968, 0, 0),
(23, 12, '2022_10', 1261, 200, 18, 0, 0, 15342, 14513, 829, 0, 46425, 1132, 46425, 0, 31654, 14771, 0, 0, 0, 0, 7436, 3037, 5109, 4436, 394, 9873, 15362, 778, 161, 125, 36, 0, 2783, 1954, 829, 0, 0, 910, 0, 0, 0, 0, 14086, 13508, 578, 0, 44544, 0, 44544, 0, 30549, 13995, 0, 0, 0, 0, 6886, 2863, 4937, 4324, 367, 9207, 15240, 720, 146, 119, 27, 0, 2192, 1614, 578, 0, 0, 351, 200, 18, 0, 0, 1256, 1005, 251, 0, 1881, 1132, 1881, 0, 1105, 776, 0, 0, 0, 0, 550, 174, 172, 112, 27, 666, 122, 58, 15, 6, 9, 0, 591, 340, 251, 0, 0),
(24, 14, '2022_10', 574, 42, 0, 0, 19, 4684, 4627, 57, 0, 19583, 934, 19583, 0, 14000, 5571, 12, 0, 0, 94, 3854, 1323, 2321, 2045, 1697, 5246, 2641, 456, 130, 122, 8, 0, 492, 435, 57, 4, 2, 258, 0, 0, 0, 2, 2261, 2239, 22, 0, 9509, 0, 9509, 0, 6789, 2708, 12, 0, 0, 8, 1391, 419, 978, 905, 604, 2561, 2628, 23, 106, 104, 2, 0, 367, 345, 22, 2, 1, 316, 42, 0, 0, 17, 2423, 2388, 35, 0, 10074, 934, 10074, 0, 7211, 2863, 0, 0, 0, 86, 2463, 904, 1343, 1140, 1093, 2685, 13, 433, 24, 18, 6, 0, 125, 90, 35, 2, 1),
(25, 16, '2022_10', 4208, 953, 0, 6, 71, 114164, 25955, 6167, 82042, 103243, 7410, 81373, 21870, 50763, 45084, 161, 7235, 3998, 2221, 23062, 6998, 22850, 4858, 3955, 39251, 604, 1665, 404, 240, 136, 28, 10259, 5887, 4372, 22, 2, 806, 0, 0, 0, 0, 3330, 1715, 1615, 0, 21844, 0, 3678, 18166, 11370, 10408, 66, 0, 0, 0, 828, 851, 8571, 220, 191, 10566, 510, 107, 80, 35, 38, 7, 1899, 993, 906, 0, 0, 3402, 953, 0, 6, 71, 110834, 24240, 4552, 82042, 81399, 7410, 77695, 3704, 39393, 34676, 95, 7235, 3998, 2221, 22234, 6147, 14279, 4638, 3764, 28685, 94, 1558, 324, 205, 98, 21, 8360, 4894, 3466, 22, 2),
(26, 5, '2022_10', 1087, 21, 0, 0, 5, 12096, 8685, 3411, 0, 31854, 796, 24474, 7380, 13875, 12558, 4741, 680, 0, 19, 8641, 1774, 1880, 852, 1378, 9335, 6888, 1106, 237, 165, 72, 0, 3728, 2089, 1639, 11, 0, 817, 0, 0, 0, 0, 7671, 4945, 2726, 0, 20503, 0, 14213, 6290, 6914, 8624, 4655, 310, 0, 0, 4050, 914, 1377, 119, 1310, 5847, 6775, 111, 176, 126, 50, 0, 3022, 1659, 1363, 2, 0, 270, 21, 0, 0, 5, 4425, 3740, 685, 0, 11351, 796, 10261, 1090, 6961, 3934, 86, 370, 0, 19, 4591, 860, 503, 733, 68, 3488, 113, 995, 61, 39, 22, 0, 706, 430, 276, 9, 0),
(27, 6, '2022_10', 804, 107, 0, 0, 13, 9479, 8823, 656, 0, 20443, 754, 20443, 0, 13904, 6539, 0, 0, 0, 75, 6805, 323, 1188, 1611, 138, 5618, 4721, 39, 167, 135, 32, 0, 3167, 2511, 656, 0, 0, 383, 0, 0, 0, 0, 4839, 4260, 579, 0, 9109, 0, 9109, 0, 5655, 3454, 0, 0, 0, 0, 605, 146, 610, 15, 64, 2946, 4721, 2, 164, 133, 31, 0, 2873, 2294, 579, 0, 0, 421, 107, 0, 0, 13, 4640, 4563, 77, 0, 11334, 754, 11334, 0, 8249, 3085, 0, 0, 0, 75, 6200, 177, 578, 1596, 74, 2672, 0, 37, 3, 2, 1, 0, 294, 217, 77, 0, 0),
(28, 7, '2022_10', 1457, 251, 35, 28, 34, 14546, 13369, 1177, 0, 34661, 2840, 32361, 2300, 29654, 4424, 583, 0, 34, 127, 5940, 3558, 6694, 5146, 2681, 4014, 6141, 487, 169, 148, 21, 0, 3157, 2572, 585, 9, 3, 761, 0, 0, 0, 0, 6185, 5149, 1036, 0, 19458, 0, 17158, 2300, 17075, 1821, 562, 0, 0, 0, 2858, 2122, 2625, 2601, 1021, 1611, 6141, 479, 132, 118, 14, 0, 2406, 1962, 444, 0, 0, 696, 251, 35, 28, 34, 8361, 8220, 141, 0, 15203, 2840, 15203, 0, 12579, 2603, 21, 0, 34, 127, 3082, 1436, 4069, 2545, 1660, 2403, 0, 8, 37, 30, 7, 0, 751, 610, 141, 9, 3),
(29, 8, '2022_10', 1130, 122, 0, 12, 76, 13867, 10380, 3487, 0, 24902, 1554, 19589, 5313, 19107, 4409, 751, 635, 47, 505, 9583, 1099, 1868, 471, 1920, 4074, 5878, 9, 235, 149, 86, 0, 4290, 2579, 1711, 6, 0, 666, 0, 0, 0, 3, 7962, 5118, 2844, 0, 13863, 0, 9178, 4685, 10411, 2759, 677, 16, 0, 8, 2816, 916, 1034, 267, 1409, 2147, 5266, 8, 214, 142, 72, 0, 3253, 2093, 1160, 2, 0, 464, 122, 0, 12, 73, 5905, 5262, 643, 0, 11039, 1554, 10411, 628, 8696, 1650, 74, 619, 47, 497, 6767, 183, 834, 204, 511, 1927, 612, 1, 21, 7, 14, 0, 1037, 486, 551, 4, 0),
(30, 4, '2022_11', 4425, 94, 0, 0, 0, 52565, 32968, 19597, 0, 96529, 415, 60120, 36409, 42548, 52276, 713, 992, 0, 0, 9298, 4316, 4447, 3921, 1323, 16522, 55402, 1300, 838, 567, 271, 0, 34097, 16187, 17910, 6, 0, 4172, 0, 0, 0, 0, 49229, 29762, 19467, 0, 94689, 0, 58280, 36409, 42231, 50768, 713, 977, 0, 0, 8808, 4235, 4369, 3901, 1300, 15554, 55278, 1244, 828, 558, 270, 0, 32853, 15073, 17780, 6, 0, 253, 94, 0, 0, 0, 3336, 3206, 130, 0, 1840, 415, 1840, 0, 317, 1508, 0, 15, 0, 0, 490, 81, 78, 20, 23, 968, 124, 56, 10, 9, 1, 0, 1244, 1114, 130, 0, 0),
(31, 16, '2022_11', 4461, 993, 0, 6, 79, 126173, 29130, 6761, 90282, 110870, 7998, 88182, 22688, 53392, 49781, 161, 7536, 3998, 2361, 25248, 7362, 23487, 4987, 4221, 43175, 641, 1749, 447, 275, 142, 30, 11991, 7203, 4788, 22, 2, 818, 0, 0, 0, 0, 3664, 1878, 1786, 0, 22886, 0, 3988, 18898, 11532, 11288, 66, 0, 0, 0, 873, 888, 8674, 228, 263, 11303, 539, 118, 60, 42, 11, 7, 2002, 1088, 914, 0, 0, 3643, 993, 0, 6, 79, 122509, 27252, 4975, 90282, 87984, 7998, 84194, 3790, 41860, 38493, 95, 7536, 3998, 2361, 24375, 6474, 14813, 4759, 3958, 31872, 102, 1631, 387, 233, 131, 23, 9989, 6115, 3874, 22, 2),
(32, 11, '2022_11', 1156, 286, 92, 0, 1, 16169, 14189, 1980, 0, 48688, 12024, 48688, 0, 35617, 13046, 25, 0, 0, 1, 15426, 4500, 4696, 3565, 7685, 12747, 0, 69, 291, 245, 46, 0, 5525, 3545, 1980, 0, 0, 0, 0, 0, 0, 0, 0, 0, 0, 0, 0, 0, 0, 0, 0, 0, 0, 0, 0, 0, 0, 0, 0, 0, 0, 0, 0, 0, 0, 0, 0, 0, 0, 0, 0, 0, 0, 1156, 286, 92, 0, 1, 16169, 14189, 1980, 0, 48688, 12024, 48688, 0, 35617, 13046, 25, 0, 0, 1, 15426, 4500, 4696, 3565, 7685, 12747, 0, 69, 291, 245, 46, 0, 5525, 3545, 1980, 0, 0),
(33, 8, '2022_11', 1153, 129, 0, 12, 81, 15160, 11532, 3628, 0, 26280, 1676, 20828, 5452, 19877, 4899, 808, 696, 60, 560, 10313, 1185, 1899, 482, 2016, 4372, 6004, 9, 256, 166, 90, 0, 4739, 2952, 1787, 15, 0, 675, 0, 0, 0, 3, 8643, 5671, 2972, 0, 14438, 0, 9628, 4810, 10623, 3074, 725, 16, 0, 8, 3005, 989, 1045, 267, 1484, 2270, 5370, 8, 231, 155, 76, 0, 3581, 2354, 1227, 4, 0, 478, 129, 0, 12, 78, 6517, 5861, 656, 0, 11842, 1676, 11200, 642, 9254, 1825, 83, 680, 60, 552, 7308, 196, 854, 215, 532, 2102, 634, 1, 25, 11, 14, 0, 1158, 598, 560, 11, 0),
(34, 6, '2022_11', 900, 123, 0, 0, 13, 10470, 9596, 874, 0, 23224, 885, 22648, 576, 15767, 7457, 0, 0, 0, 75, 7761, 575, 1295, 1773, 147, 6158, 5476, 39, 181, 146, 35, 0, 3388, 2672, 716, 0, 0, 448, 0, 0, 0, 0, 5354, 4581, 773, 0, 10440, 0, 10008, 432, 6377, 4063, 0, 0, 0, 0, 623, 383, 668, 18, 73, 3197, 5476, 2, 178, 144, 34, 0, 3068, 2435, 633, 0, 0, 452, 123, 0, 0, 13, 5116, 5015, 101, 0, 12784, 885, 12640, 144, 9390, 3394, 0, 0, 0, 75, 7138, 192, 627, 1755, 74, 2961, 0, 37, 3, 2, 1, 0, 320, 237, 83, 0, 0),
(35, 5, '2022_11', 1090, 21, 0, 0, 5, 12976, 9340, 3636, 0, 34857, 887, 26902, 7955, 14909, 13782, 5610, 556, 0, 22, 9484, 1851, 2086, 856, 1576, 9845, 7979, 1180, 267, 188, 79, 0, 4045, 2299, 1746, 11, 0, 820, 0, 0, 0, 0, 8302, 5388, 2914, 0, 22772, 0, 15939, 6833, 7475, 9484, 5499, 314, 0, 0, 4553, 918, 1553, 119, 1503, 6148, 7867, 111, 202, 147, 55, 0, 3318, 1861, 1457, 2, 0, 270, 21, 0, 0, 5, 4674, 3952, 722, 0, 12085, 887, 10963, 1122, 7434, 4298, 111, 242, 0, 22, 4931, 933, 533, 737, 73, 3697, 112, 1069, 65, 41, 24, 0, 727, 438, 289, 9, 0),
(36, 14, '2022_11', 590, 48, 0, 0, 23, 5226, 5161, 65, 0, 21704, 1104, 21704, 0, 15531, 6161, 12, 0, 0, 117, 4245, 1441, 2642, 2243, 1896, 5802, 2903, 532, 144, 135, 9, 0, 602, 537, 65, 4, 2, 264, 0, 0, 0, 4, 2550, 2528, 22, 0, 10559, 0, 10559, 0, 7534, 3013, 12, 0, 0, 11, 1558, 446, 1104, 1003, 680, 2854, 2890, 24, 117, 115, 2, 0, 457, 435, 22, 2, 1, 326, 48, 0, 0, 19, 2676, 2633, 43, 0, 11145, 1104, 11145, 0, 7997, 3148, 0, 0, 0, 106, 2687, 995, 1538, 1240, 1216, 2948, 13, 508, 27, 20, 7, 0, 145, 102, 43, 2, 1),
(37, 12, '2022_11', 1319, 211, 18, 0, 0, 16630, 15704, 926, 0, 49598, 1183, 49585, 13, 33518, 16080, 0, 0, 0, 0, 7855, 3212, 5308, 4670, 422, 10874, 16413, 844, 173, 133, 40, 0, 3000, 2074, 926, 0, 0, 936, 0, 0, 0, 0, 15233, 14569, 664, 0, 47514, 0, 47514, 0, 32368, 15146, 0, 0, 0, 0, 7281, 3033, 5134, 4553, 388, 10090, 16261, 774, 158, 127, 31, 0, 2380, 1716, 664, 0, 0, 383, 211, 18, 0, 0, 1397, 1135, 262, 0, 2084, 1183, 2071, 13, 1150, 934, 0, 0, 0, 0, 574, 179, 174, 117, 34, 784, 152, 70, 15, 6, 9, 0, 620, 358, 262, 0, 0),
(38, 7, '2022_11', 1512, 253, 36, 29, 36, 15993, 14706, 1287, 0, 38402, 3139, 35502, 2900, 32894, 4883, 625, 0, 36, 139, 6533, 3985, 7365, 5683, 3046, 4473, 6751, 566, 184, 161, 23, 0, 3369, 2749, 620, 10, 3, 784, 0, 0, 0, 0, 6635, 5529, 1106, 0, 21487, 0, 18737, 2750, 18915, 1970, 602, 0, 0, 0, 3116, 2397, 2912, 2854, 1144, 1755, 6751, 558, 139, 124, 15, 0, 2520, 2051, 469, 0, 0, 728, 253, 36, 29, 36, 9358, 9177, 181, 0, 16915, 3139, 16765, 150, 13979, 2913, 23, 0, 36, 139, 3417, 1588, 4453, 2829, 1902, 2718, 0, 8, 45, 37, 8, 0, 849, 698, 151, 10, 3),
(39, 14, '2023_1', 396, 34, 0, 0, 0, 555, 546, 9, 0, 2151, 199, 2151, 0, 1477, 674, 0, 0, 0, 0, 416, 141, 262, 191, 182, 609, 283, 67, 7, 6, 1, 0, 34, 25, 9, 0, 2, 194, 0, 0, 0, 0, 253, 253, 0, 0, 1003, 0, 1003, 0, 683, 320, 0, 0, 0, 0, 144, 41, 106, 73, 69, 278, 283, 9, 5, 5, 0, 0, 19, 19, 0, 0, 1, 202, 34, 0, 0, 0, 302, 293, 9, 0, 1148, 199, 1148, 0, 794, 354, 0, 0, 0, 0, 272, 100, 156, 118, 113, 331, 0, 58, 2, 1, 1, 0, 15, 6, 9, 0, 1),
(40, 4, '2023_1', 674, 9, 0, 0, 0, 4813, 3525, 1288, 0, 9259, 25, 4406, 4853, 5197, 3933, 106, 23, 0, 0, 969, 482, 251, 237, 489, 2390, 4336, 105, 103, 65, 38, 0, 3027, 1913, 1114, 6, 0, 651, 0, 0, 0, 0, 4470, 3182, 1288, 0, 9114, 0, 4261, 4853, 5194, 3796, 106, 18, 0, 0, 946, 472, 249, 234, 480, 2322, 4330, 81, 103, 65, 38, 0, 3027, 1913, 1114, 6, 0, 23, 9, 0, 0, 0, 343, 343, 0, 0, 145, 25, 145, 0, 3, 137, 0, 5, 0, 0, 23, 10, 2, 3, 9, 68, 6, 24, 0, 0, 0, 0, 0, 0, 0, 0, 0),
(41, 11, '2023_1', 311, 81, 12, 0, 0, 1010, 947, 63, 0, 2315, 503, 2315, 0, 1514, 801, 0, 0, 0, 0, 770, 159, 217, 122, 255, 777, 0, 15, 24, 22, 2, 0, 303, 240, 63, 0, 0, 0, 0, 0, 0, 0, 0, 0, 0, 0, 0, 0, 0, 0, 0, 0, 0, 0, 0, 0, 0, 0, 0, 0, 0, 0, 0, 0, 0, 0, 0, 0, 0, 0, 0, 0, 0, 311, 81, 12, 0, 0, 1010, 947, 63, 0, 2315, 503, 2315, 0, 1514, 801, 0, 0, 0, 0, 770, 159, 217, 122, 255, 777, 0, 15, 24, 22, 2, 0, 303, 240, 63, 0, 0),
(42, 6, '2023_1', 167, 5, 0, 0, 0, 669, 509, 160, 0, 1051, 14, 844, 207, 575, 476, 0, 0, 0, 6, 341, 10, 10, 1, 7, 427, 244, 11, 8, 5, 3, 0, 193, 99, 94, 0, 0, 108, 0, 0, 0, 0, 335, 189, 146, 0, 499, 0, 322, 177, 230, 269, 0, 0, 0, 0, 3, 8, 4, 1, 2, 236, 244, 1, 8, 5, 3, 0, 179, 93, 86, 0, 0, 59, 5, 0, 0, 0, 334, 320, 14, 0, 552, 14, 522, 30, 345, 207, 0, 0, 0, 6, 338, 2, 6, 0, 5, 191, 0, 10, 0, 0, 0, 0, 14, 6, 8, 0, 0),
(43, 16, '2023_1', 1177, 184, 0, 4, 5, 16602, 3141, 561, 12900, 10186, 574, 8960, 1226, 3249, 5127, 0, 1810, 1665, 148, 3193, 438, 1266, 247, 379, 4535, 45, 83, 63, 58, 4, 1, 1186, 944, 242, 7, 0, 231, 0, 0, 0, 0, 587, 302, 285, 0, 1382, 0, 259, 1123, 247, 1135, 0, 0, 0, 0, 63, 26, 118, 36, 36, 1039, 35, 29, 14, 14, 0, 0, 227, 227, 0, 0, 0, 946, 184, 0, 4, 5, 16015, 2839, 276, 12900, 8804, 574, 8701, 103, 3002, 3992, 0, 1810, 1665, 148, 3130, 412, 1148, 211, 343, 3496, 10, 54, 49, 44, 4, 1, 959, 717, 242, 7, 0),
(44, 13, '2023_1', 292, 36, 0, 0, 0, 622, 587, 35, 0, 1717, 172, 1717, 0, 942, 770, 5, 0, 0, 0, 765, 48, 12, 39, 13, 742, 92, 6, 9, 6, 3, 0, 125, 90, 35, 0, 0, 58, 0, 0, 0, 0, 168, 141, 27, 0, 276, 0, 276, 0, 204, 67, 5, 0, 0, 0, 88, 3, 0, 13, 0, 75, 92, 5, 9, 6, 3, 0, 103, 76, 27, 0, 0, 234, 36, 0, 0, 0, 454, 446, 8, 0, 1441, 172, 1441, 0, 738, 703, 0, 0, 0, 0, 677, 45, 12, 26, 13, 667, 0, 1, 0, 0, 0, 0, 22, 14, 8, 0, 0),
(45, 12, '2023_1', 418, 50, 0, 0, 0, 1718, 1639, 79, 0, 4058, 135, 4058, 0, 2462, 1596, 0, 0, 0, 0, 459, 289, 306, 348, 51, 1214, 1317, 74, 10, 7, 3, 0, 207, 128, 79, 0, 0, 338, 0, 0, 0, 0, 1515, 1447, 68, 0, 3878, 0, 3878, 0, 2410, 1468, 0, 0, 0, 0, 435, 283, 297, 346, 50, 1079, 1317, 71, 9, 6, 3, 0, 171, 103, 68, 0, 0, 80, 50, 0, 0, 0, 203, 192, 11, 0, 180, 135, 180, 0, 52, 128, 0, 0, 0, 0, 24, 6, 9, 2, 1, 135, 0, 3, 1, 1, 0, 0, 36, 25, 11, 0, 0),
(46, 7, '2023_1', 387, 17, 0, 3, 6, 1371, 1028, 343, 0, 3372, 191, 2207, 1165, 2632, 704, 36, 0, 4, 14, 465, 381, 631, 429, 263, 614, 517, 72, 7, 5, 2, 0, 174, 94, 80, 5, 0, 195, 0, 0, 0, 0, 518, 212, 306, 0, 1884, 0, 989, 895, 1599, 249, 36, 0, 0, 0, 306, 204, 260, 207, 128, 190, 517, 72, 3, 1, 2, 0, 97, 24, 73, 0, 0, 192, 17, 0, 3, 6, 853, 816, 37, 0, 1488, 191, 1218, 270, 1033, 455, 0, 0, 4, 14, 159, 177, 371, 222, 135, 424, 0, 0, 4, 4, 0, 0, 77, 70, 7, 5, 0),
(47, 5, '2023_1', 314, 24, 0, 0, 5, 1161, 784, 377, 0, 2859, 61, 2614, 245, 1587, 714, 522, 36, 0, 0, 1422, 155, 322, 8, 99, 369, 306, 178, 27, 20, 7, 0, 406, 220, 186, 0, 0, 157, 0, 0, 0, 0, 580, 402, 178, 0, 1105, 0, 964, 141, 265, 319, 521, 0, 0, 0, 480, 5, 110, 0, 94, 99, 302, 15, 17, 13, 4, 0, 227, 138, 89, 0, 0, 157, 24, 0, 0, 5, 581, 382, 199, 0, 1754, 61, 1650, 104, 1322, 395, 1, 36, 0, 0, 942, 150, 212, 8, 5, 270, 4, 163, 10, 7, 3, 0, 179, 82, 97, 0, 0),
(48, 4, '2023_2', 1190, 11, 0, 0, 0, 8990, 6584, 2406, 0, 17962, 35, 8533, 9429, 10663, 7125, 25, 149, 0, 0, 1775, 1001, 429, 537, 637, 3348, 10069, 166, 168, 127, 41, 0, 5404, 3460, 1944, 6, 0, 1139, 0, 0, 0, 0, 8408, 6002, 2406, 0, 17700, 0, 8271, 9429, 10660, 6872, 25, 143, 0, 0, 1727, 982, 424, 534, 628, 3221, 10053, 131, 167, 126, 41, 0, 5383, 3439, 1944, 6, 0, 51, 11, 0, 0, 0, 582, 582, 0, 0, 262, 35, 262, 0, 3, 253, 0, 6, 0, 0, 48, 19, 5, 3, 9, 127, 16, 35, 1, 1, 0, 0, 21, 21, 0, 0, 0),
(49, 13, '2023_2', 528, 49, 0, 0, 0, 1452, 1382, 70, 0, 3903, 278, 3903, 0, 2210, 1684, 9, 0, 0, 0, 1837, 90, 19, 55, 23, 1602, 266, 11, 18, 12, 6, 0, 292, 222, 70, 0, 0, 138, 0, 0, 0, 0, 478, 425, 53, 0, 857, 0, 857, 0, 611, 237, 9, 0, 0, 0, 316, 12, 1, 17, 5, 231, 266, 9, 18, 12, 6, 0, 224, 171, 53, 0, 0, 390, 49, 0, 0, 0, 974, 957, 17, 0, 3046, 278, 3046, 0, 1599, 1447, 0, 0, 0, 0, 1521, 78, 18, 38, 18, 1371, 0, 2, 0, 0, 0, 0, 68, 51, 17, 0, 0),
(50, 6, '2023_2', 360, 20, 0, 0, 2, 1421, 1134, 287, 0, 2826, 76, 2362, 464, 1586, 1240, 0, 0, 0, 9, 879, 20, 79, 151, 15, 1129, 540, 13, 20, 14, 6, 0, 317, 154, 163, 0, 0, 211, 0, 0, 0, 0, 673, 438, 235, 0, 1399, 0, 965, 434, 576, 823, 0, 0, 0, 0, 38, 8, 52, 12, 10, 736, 540, 3, 19, 13, 6, 0, 260, 143, 117, 0, 0, 149, 20, 0, 0, 2, 748, 696, 52, 0, 1427, 76, 1397, 30, 1010, 417, 0, 0, 0, 9, 841, 12, 27, 139, 5, 393, 0, 10, 1, 1, 0, 0, 57, 11, 46, 0, 0),
(51, 8, '2023_2', 558, 35, 2, 5, 48, 2446, 1940, 506, 0, 4633, 222, 3768, 865, 3209, 1172, 138, 114, 9, 100, 1432, 195, 134, 93, 356, 1351, 1072, 0, 31, 26, 5, 0, 573, 482, 91, 4, 0, 342, 0, 2, 0, 2, 1398, 931, 467, 0, 2793, 0, 2017, 776, 1765, 904, 122, 2, 0, 2, 242, 144, 65, 44, 306, 968, 1024, 0, 28, 24, 4, 0, 447, 376, 71, 1, 0, 216, 35, 0, 5, 46, 1048, 1009, 39, 0, 1840, 222, 1751, 89, 1444, 268, 16, 112, 9, 98, 1190, 51, 69, 49, 50, 383, 48, 0, 3, 2, 1, 0, 126, 106, 20, 3, 0),
(52, 12, '2023_2', 632, 78, 0, 0, 0, 3047, 2858, 189, 0, 6860, 204, 6860, 0, 4075, 2785, 0, 0, 0, 0, 764, 457, 600, 620, 69, 2049, 2189, 112, 25, 14, 11, 0, 468, 279, 189, 0, 0, 508, 0, 0, 0, 0, 2652, 2494, 158, 0, 6573, 0, 6573, 0, 3986, 2587, 0, 0, 0, 0, 722, 446, 586, 605, 68, 1853, 2189, 104, 22, 13, 9, 0, 376, 218, 158, 0, 0, 124, 78, 0, 0, 0, 395, 364, 31, 0, 287, 204, 287, 0, 89, 198, 0, 0, 0, 0, 42, 11, 14, 15, 1, 196, 0, 8, 3, 1, 2, 0, 92, 61, 31, 0, 0),
(53, 7, '2023_2', 644, 48, 6, 6, 10, 2439, 1875, 564, 0, 7238, 301, 4383, 2855, 5969, 1233, 36, 0, 7, 24, 1011, 700, 1253, 917, 592, 1239, 1358, 168, 20, 13, 7, 0, 365, 194, 171, 5, 0, 353, 0, 0, 0, 0, 939, 422, 517, 0, 4624, 0, 2039, 2585, 4177, 411, 36, 0, 0, 0, 688, 452, 602, 529, 371, 456, 1358, 168, 9, 3, 6, 0, 208, 54, 154, 0, 0, 291, 48, 6, 6, 10, 1500, 1453, 47, 0, 2614, 301, 2344, 270, 1792, 822, 0, 0, 7, 24, 323, 248, 651, 388, 221, 783, 0, 0, 11, 10, 1, 0, 157, 140, 17, 5, 0),
(54, 16, '2023_2', 1997, 385, 0, 4, 12, 34308, 5939, 1074, 27295, 23204, 1188, 18033, 5171, 8212, 12908, 9, 2075, 1665, 268, 5285, 1059, 3453, 669, 901, 11279, 174, 384, 96, 86, 9, 1, 1882, 1427, 455, 7, 0, 528, 0, 0, 0, 0, 981, 476, 505, 0, 5709, 0, 804, 4905, 726, 4983, 0, 0, 0, 0, 194, 77, 515, 87, 95, 4552, 145, 44, 20, 20, 0, 0, 302, 302, 0, 0, 0, 1469, 385, 0, 4, 12, 33327, 5463, 569, 27295, 17495, 1188, 17229, 266, 7486, 7925, 9, 2075, 1665, 268, 5091, 982, 2938, 582, 806, 6727, 29, 340, 76, 66, 9, 1, 1580, 1125, 455, 7, 0),
(55, 8, '2023_3', 617, 44, 2, 6, 50, 3702, 2947, 755, 0, 6907, 394, 5725, 1182, 5167, 1431, 158, 151, 10, 133, 2693, 241, 291, 158, 361, 1599, 1554, 10, 46, 38, 8, 0, 852, 696, 156, 4, 1, 369, 0, 2, 0, 2, 2036, 1340, 696, 0, 3910, 0, 2842, 1068, 2755, 1011, 142, 2, 0, 2, 684, 175, 141, 48, 310, 1045, 1506, 1, 40, 33, 7, 0, 665, 535, 130, 1, 0, 248, 44, 0, 6, 48, 1666, 1607, 59, 0, 2997, 394, 2883, 114, 2412, 420, 16, 149, 10, 131, 2009, 66, 150, 110, 51, 554, 48, 9, 6, 5, 1, 0, 187, 161, 26, 3, 1),
(56, 4, '2023_3', 1349, 13, 0, 0, 0, 14937, 9875, 5062, 0, 26000, 50, 12641, 13359, 15901, 9497, 55, 547, 0, 0, 2184, 1396, 587, 685, 733, 4354, 15849, 212, 258, 204, 54, 0, 10163, 5816, 4347, 6, 0, 1292, 0, 0, 0, 0, 13975, 8913, 5062, 0, 25678, 0, 12319, 13359, 15898, 9186, 55, 539, 0, 0, 2122, 1376, 581, 682, 724, 4190, 15826, 177, 256, 202, 54, 0, 10116, 5769, 4347, 6, 0, 57, 13, 0, 0, 0, 962, 962, 0, 0, 322, 50, 322, 0, 3, 311, 0, 8, 0, 0, 62, 20, 6, 3, 9, 164, 23, 35, 2, 2, 0, 0, 47, 47, 0, 0, 0),
(57, 16, '2023_3', 2707, 576, 0, 7, 15, 42453, 9680, 1926, 30847, 38029, 1853, 27708, 10321, 14197, 21463, 46, 2323, 1685, 359, 7778, 2121, 5774, 1465, 2225, 17762, 396, 508, 155, 135, 19, 1, 3604, 2646, 958, 7, 0, 608, 0, 0, 0, 0, 1412, 692, 720, 0, 10339, 0, 1322, 9017, 2052, 8285, 2, 0, 0, 0, 580, 318, 1023, 211, 396, 7419, 337, 55, 34, 34, 0, 0, 509, 509, 0, 0, 0, 2099, 576, 0, 7, 15, 41041, 8988, 1206, 30847, 27690, 1853, 26386, 1304, 12145, 13178, 44, 2323, 1685, 359, 7198, 1803, 4751, 1254, 1829, 10343, 59, 453, 121, 101, 19, 1, 3095, 2137, 958, 7, 0),
(58, 7, '2023_3', 808, 112, 10, 10, 16, 3801, 2611, 1190, 0, 10988, 1070, 6192, 4796, 9121, 1831, 36, 0, 16, 40, 1633, 1103, 2051, 1398, 843, 1842, 1836, 282, 31, 20, 11, 0, 603, 274, 329, 7, 0, 431, 0, 0, 0, 0, 1663, 613, 1050, 0, 6493, 0, 2937, 3556, 5829, 628, 36, 0, 0, 0, 989, 640, 957, 707, 440, 682, 1836, 242, 13, 3, 10, 0, 358, 54, 304, 0, 0, 377, 112, 10, 10, 16, 2138, 1998, 140, 0, 4495, 1070, 3255, 1240, 3292, 1203, 0, 0, 16, 40, 644, 463, 1094, 691, 403, 1160, 0, 40, 18, 17, 1, 0, 245, 220, 25, 7, 0),
(59, 5, '2023_3', 568, 36, 0, 0, 0, 3139, 2215, 924, 0, 9228, 128, 7885, 1343, 4498, 2654, 1884, 192, 5, 0, 3423, 369, 743, 64, 1093, 1079, 2059, 398, 58, 44, 14, 0, 1356, 441, 915, 0, 0, 364, 0, 0, 0, 0, 1966, 1186, 780, 0, 5101, 0, 4005, 1096, 1322, 1817, 1881, 81, 0, 0, 1238, 5, 358, 0, 1087, 340, 2055, 18, 52, 44, 8, 0, 1221, 441, 780, 0, 0, 204, 36, 0, 0, 0, 1173, 1029, 144, 0, 4127, 128, 3880, 247, 3176, 837, 3, 111, 5, 0, 2185, 364, 385, 64, 6, 739, 4, 380, 6, 0, 6, 0, 135, 0, 135, 0, 0),
(60, 13, '2023_4', 707, 58, 0, 0, 0, 3236, 3140, 96, 0, 8312, 492, 8312, 0, 4206, 4066, 40, 0, 0, 0, 3409, 199, 72, 153, 32, 3877, 517, 53, 34, 26, 8, 0, 502, 406, 96, 0, 0, 221, 0, 0, 0, 0, 979, 906, 73, 0, 1785, 0, 1785, 0, 1167, 578, 40, 0, 0, 0, 496, 66, 29, 68, 8, 559, 517, 42, 31, 23, 8, 0, 394, 321, 73, 0, 0, 486, 58, 0, 0, 0, 2257, 2234, 23, 0, 6527, 492, 6527, 0, 3039, 3488, 0, 0, 0, 0, 2913, 133, 43, 85, 24, 3318, 0, 11, 3, 3, 0, 0, 108, 85, 23, 0, 0),
(61, 6, '2023_4', 458, 22, 0, 0, 5, 3568, 2738, 830, 0, 8012, 22, 6348, 1664, 4894, 3118, 0, 0, 0, 29, 2453, 101, 433, 485, 46, 2959, 1507, 28, 55, 37, 18, 0, 1043, 655, 388, 0, 0, 259, 0, 0, 0, 0, 1769, 1095, 674, 0, 3812, 0, 2502, 1310, 1802, 2010, 0, 0, 0, 0, 87, 37, 193, 12, 41, 1932, 1507, 3, 51, 35, 16, 0, 823, 531, 292, 0, 0, 199, 22, 0, 0, 5, 1799, 1643, 156, 0, 4200, 22, 3846, 354, 3092, 1108, 0, 0, 0, 29, 2366, 64, 240, 473, 5, 1027, 0, 25, 4, 2, 2, 0, 220, 124, 96, 0, 0),
(62, 7, '2023_4', 937, 156, 17, 14, 20, 5244, 3710, 1534, 0, 15139, 1502, 9773, 5366, 12664, 2439, 36, 0, 20, 50, 2172, 1562, 2767, 2000, 1259, 2439, 2546, 394, 47, 24, 23, 0, 931, 314, 617, 8, 2, 488, 0, 0, 0, 0, 2166, 803, 1363, 0, 8735, 0, 4609, 4126, 7892, 807, 36, 0, 0, 0, 1285, 957, 1207, 1015, 571, 860, 2546, 294, 25, 3, 22, 0, 621, 54, 567, 0, 0, 449, 156, 17, 14, 20, 3078, 2907, 171, 0, 6404, 1502, 5164, 1240, 4772, 1632, 0, 0, 20, 50, 887, 605, 1560, 985, 688, 1579, 0, 100, 22, 21, 1, 0, 310, 260, 50, 8, 2),
(63, 12, '2023_4', 913, 0, 0, 0, 0, 3819, 3616, 203, 0, 11678, 0, 11678, 0, 6645, 5033, 0, 0, 0, 0, 1405, 730, 1033, 949, 139, 3190, 4082, 150, 34, 23, 11, 0, 538, 336, 202, 0, 0, 913, 0, 0, 0, 0, 3819, 3616, 203, 0, 11678, 0, 11678, 0, 6645, 5033, 0, 0, 0, 0, 1405, 730, 1033, 949, 139, 3190, 4082, 150, 34, 23, 11, 0, 538, 336, 202, 0, 0, 0, 0, 0, 0, 0, 0, 0, 0, 0, 0, 0, 0, 0, 0, 0, 0, 0, 0, 0, 0, 0, 0, 0, 0, 0, 0, 0, 0, 0, 0, 0, 0, 0, 0, 0, 0),
(64, 4, '2023_4', 1864, 17, 0, 0, 0, 22317, 14005, 8312, 0, 33504, 70, 17096, 16408, 14065, 18714, 79, 646, 0, 0, 2734, 1738, 1144, 889, 797, 5211, 20687, 304, 382, 316, 66, 0, 16255, 8861, 7394, 6, 0, 1783, 0, 0, 0, 0, 21014, 12702, 8312, 0, 32994, 0, 16586, 16408, 14032, 18258, 79, 625, 0, 0, 2643, 1709, 1106, 880, 772, 4970, 20645, 269, 380, 314, 66, 0, 15917, 8523, 7394, 6, 0, 81, 17, 0, 0, 0, 1303, 1303, 0, 0, 510, 70, 510, 0, 33, 456, 0, 21, 0, 0, 91, 29, 38, 9, 25, 241, 42, 35, 2, 2, 0, 0, 338, 338, 0, 0, 0),
(65, 8, '2023_4', 722, 54, 2, 7, 53, 4985, 4048, 937, 0, 8767, 543, 7407, 1360, 6435, 1941, 205, 186, 11, 167, 3696, 409, 435, 168, 406, 1879, 1764, 10, 60, 51, 9, 0, 1144, 963, 181, 4, 1, 446, 0, 2, 0, 2, 2781, 1912, 869, 0, 4795, 0, 3557, 1238, 3213, 1391, 189, 2, 0, 2, 964, 313, 217, 48, 351, 1185, 1716, 1, 52, 44, 8, 0, 909, 756, 153, 1, 0, 276, 54, 0, 7, 51, 2204, 2136, 68, 0, 3972, 543, 3850, 122, 3222, 550, 16, 184, 11, 165, 2732, 96, 218, 120, 55, 694, 48, 9, 8, 7, 1, 0, 235, 207, 28, 3, 1),
(66, 16, '2023_4', 3076, 681, 0, 8, 23, 54844, 12779, 2797, 39268, 55736, 2633, 40698, 15038, 20764, 29084, 60, 5828, 4962, 462, 13743, 2477, 9220, 2241, 2998, 23676, 549, 832, 216, 181, 34, 1, 5706, 4187, 1519, 7, 0, 672, 0, 0, 0, 0, 2011, 991, 1020, 0, 15511, 0, 1937, 13574, 4612, 10897, 2, 0, 0, 0, 1453, 387, 2881, 437, 703, 9135, 455, 60, 47, 45, 2, 0, 740, 692, 48, 0, 0, 2404, 681, 0, 8, 23, 52833, 11788, 1777, 39268, 40225, 2633, 38761, 1464, 16152, 18187, 58, 5828, 4962, 462, 12290, 2090, 6339, 1804, 2295, 14541, 94, 772, 169, 136, 32, 1, 4966, 3495, 1471, 7, 0),
(67, 16, '2023_5', 3342, 751, 0, 8, 23, 66410, 15575, 3300, 47535, 64342, 3117, 49174, 15168, 25029, 33293, 112, 5908, 4962, 541, 15396, 2962, 10854, 2787, 3396, 27118, 709, 1120, 265, 218, 43, 4, 6993, 5023, 1970, 7, 0, 701, 0, 0, 0, 0, 2398, 1326, 1072, 0, 16279, 0, 2575, 13704, 4932, 11315, 32, 0, 0, 0, 1648, 395, 3037, 467, 728, 9342, 598, 64, 67, 63, 4, 0, 996, 928, 68, 0, 0, 2641, 751, 0, 8, 23, 64012, 14249, 2228, 47535, 48063, 3117, 46599, 1464, 20097, 21978, 80, 5908, 4962, 541, 13748, 2567, 7817, 2320, 2668, 17776, 111, 1056, 198, 155, 39, 4, 5997, 4095, 1902, 7, 0),
(68, 4, '2023_5', 2237, 28, 0, 0, 0, 27133, 17841, 9292, 0, 46844, 105, 23353, 23491, 25766, 20295, 79, 704, 0, 0, 4188, 2292, 1530, 1279, 886, 7429, 28876, 364, 477, 402, 75, 0, 19032, 11181, 7851, 6, 0, 2133, 0, 0, 0, 0, 25350, 16058, 9292, 0, 46159, 0, 22668, 23491, 25687, 19710, 79, 683, 0, 0, 4020, 2247, 1483, 1269, 861, 7128, 28822, 329, 473, 398, 75, 0, 18355, 10504, 7851, 6, 0, 104, 28, 0, 0, 0, 1783, 1783, 0, 0, 685, 105, 685, 0, 79, 585, 0, 21, 0, 0, 168, 45, 47, 10, 25, 301, 54, 35, 4, 4, 0, 0, 677, 677, 0, 0, 0),
(69, 6, '2023_5', 487, 27, 0, 0, 3, 4517, 3663, 854, 0, 10109, 159, 8445, 1664, 6723, 3386, 0, 0, 0, 34, 3240, 122, 589, 665, 70, 3382, 2007, 34, 71, 50, 21, 0, 1298, 886, 412, 0, 0, 274, 0, 0, 0, 0, 2165, 1467, 698, 0, 4659, 0, 3349, 1310, 2590, 2069, 0, 0, 0, 0, 97, 49, 269, 12, 60, 2156, 2007, 9, 65, 46, 19, 0, 1029, 713, 316, 0, 0, 213, 27, 0, 0, 3, 2352, 2196, 156, 0, 5450, 159, 5096, 354, 4133, 1317, 0, 0, 0, 34, 3143, 73, 320, 653, 10, 1226, 0, 25, 6, 4, 2, 0, 269, 173, 96, 0, 0),
(70, 13, '2023_5', 765, 64, 0, 0, 0, 4257, 4116, 141, 0, 11295, 623, 11295, 0, 5754, 5488, 53, 0, 0, 0, 4676, 236, 88, 171, 50, 5255, 750, 69, 47, 35, 12, 0, 710, 569, 141, 0, 0, 246, 0, 0, 0, 0, 1244, 1135, 109, 0, 2289, 0, 2289, 0, 1501, 735, 53, 0, 0, 0, 590, 78, 30, 72, 16, 697, 750, 56, 40, 30, 10, 0, 504, 395, 109, 0, 0, 519, 64, 0, 0, 0, 3013, 2981, 32, 0, 9006, 623, 9006, 0, 4253, 4753, 0, 0, 0, 0, 4086, 158, 58, 99, 34, 4558, 0, 13, 7, 5, 2, 0, 206, 174, 32, 0, 0),
(71, 7, '2023_5', 1009, 194, 21, 18, 23, 6664, 4889, 1775, 0, 18500, 2348, 13134, 5366, 15653, 2811, 36, 0, 25, 64, 2615, 1860, 3486, 2406, 1588, 2870, 3214, 461, 66, 35, 31, 0, 1336, 478, 858, 8, 3, 521, 0, 0, 0, 0, 2581, 995, 1586, 0, 10506, 0, 6380, 4126, 9537, 933, 36, 0, 0, 0, 1523, 1084, 1498, 1205, 670, 975, 3214, 337, 36, 6, 30, 0, 912, 122, 790, 0, 0, 488, 194, 21, 18, 23, 4083, 3894, 189, 0, 7994, 2348, 6754, 1240, 6116, 1878, 0, 0, 25, 64, 1092, 776, 1988, 1201, 918, 1895, 0, 124, 30, 29, 1, 0, 424, 356, 68, 8, 3),
(72, 8, '2023_5', 745, 58, 2, 7, 54, 6224, 5038, 1186, 0, 10630, 628, 8762, 1868, 7776, 2390, 235, 229, 16, 209, 4500, 421, 783, 181, 469, 2346, 1890, 40, 73, 62, 11, 0, 1417, 1209, 208, 4, 1, 454, 0, 2, 0, 2, 3502, 2425, 1077, 0, 5815, 0, 4095, 1720, 3862, 1737, 214, 2, 0, 2, 1159, 313, 529, 48, 408, 1505, 1842, 11, 63, 54, 9, 0, 1122, 959, 163, 1, 0, 291, 58, 0, 7, 52, 2722, 2613, 109, 0, 4815, 628, 4667, 148, 3914, 653, 21, 227, 16, 207, 3341, 108, 254, 133, 61, 841, 48, 29, 10, 8, 2, 0, 295, 250, 45, 3, 1),
(73, 7, '2023_6', 1192, 218, 49, 21, 25, 8654, 6829, 1825, 0, 22329, 2552, 16963, 5366, 18668, 3244, 417, 0, 28, 79, 3346, 2207, 4242, 3029, 1880, 3354, 3721, 550, 108, 76, 32, 0, 2055, 1147, 908, 8, 3, 652, 0, 0, 0, 0, 4177, 2566, 1611, 0, 13178, 0, 9052, 4126, 11662, 1099, 417, 0, 0, 0, 1972, 1328, 2023, 1662, 878, 1195, 3721, 399, 72, 42, 30, 0, 1503, 688, 815, 0, 0, 540, 218, 49, 21, 25, 4477, 4263, 214, 0, 9151, 2552, 7911, 1240, 7006, 2145, 0, 0, 28, 79, 1374, 879, 2219, 1367, 1002, 2159, 0, 151, 36, 34, 2, 0, 552, 459, 93, 8, 3),
(74, 4, '2023_6', 2502, 30, 0, 0, 0, 29784, 20246, 9538, 0, 52779, 115, 26076, 26703, 29758, 22205, 87, 729, 0, 0, 4596, 2389, 1592, 1352, 960, 8847, 32565, 478, 527, 451, 76, 0, 20170, 12159, 8011, 6, 0, 2392, 0, 0, 0, 0, 27750, 18212, 9538, 0, 52038, 0, 25335, 26703, 29678, 21566, 87, 707, 0, 0, 4422, 2341, 1545, 1341, 935, 8502, 32509, 443, 523, 447, 76, 0, 19493, 11482, 8011, 6, 0, 110, 30, 0, 0, 0, 2034, 2034, 0, 0, 741, 115, 741, 0, 80, 639, 0, 22, 0, 0, 174, 48, 47, 11, 25, 345, 56, 35, 4, 4, 0, 0, 677, 677, 0, 0, 0),
(75, 16, '2023_7', 3754, 865, 0, 8, 44, 87512, 19289, 3890, 64333, 78347, 4341, 61716, 16631, 30971, 40858, 100, 6418, 4966, 887, 17644, 3869, 13266, 3441, 3955, 33913, 805, 1454, 314, 251, 57, 6, 7888, 5503, 2385, 7, 0, 775, 0, 0, 0, 0, 2878, 1657, 1221, 0, 18243, 0, 3309, 14934, 5411, 12800, 32, 0, 0, 0, 1816, 456, 3255, 550, 771, 10645, 676, 74, 87, 76, 11, 0, 1368, 1113, 255, 0, 0, 2979, 865, 0, 8, 44, 84634, 17632, 2669, 64333, 60104, 4341, 58407, 1697, 25560, 28058, 68, 6418, 4966, 887, 15828, 3413, 10011, 2891, 3184, 23268, 129, 1380, 227, 175, 46, 6, 6520, 4390, 2130, 7, 0),
(76, 8, '2023_7', 887, 92, 2, 9, 75, 10048, 7605, 2443, 0, 18717, 1002, 12727, 5990, 14470, 3271, 632, 344, 17, 318, 7592, 497, 1782, 218, 1330, 3203, 4027, 68, 130, 115, 15, 0, 2300, 1963, 337, 4, 1, 511, 0, 2, 0, 2, 6002, 3755, 2247, 0, 11355, 0, 5885, 5470, 8411, 2333, 609, 2, 0, 2, 2726, 357, 1293, 68, 1094, 1936, 3844, 37, 118, 106, 12, 0, 1850, 1597, 253, 1, 0, 376, 92, 0, 9, 73, 4046, 3850, 196, 0, 7362, 1002, 6842, 520, 6059, 938, 23, 342, 17, 316, 4866, 140, 489, 150, 236, 1267, 183, 31, 12, 9, 3, 0, 450, 366, 84, 3, 1),
(77, 11, '2023_7', 1622, 270, 115, 0, 2, 13017, 11428, 1589, 0, 36760, 5460, 36760, 0, 24197, 12563, 0, 0, 0, 2, 9755, 3041, 4281, 2373, 2434, 10185, 4543, 148, 191, 165, 26, 0, 3890, 2301, 1589, 0, 0, 567, 0, 0, 0, 0, 4933, 4341, 592, 0, 12150, 0, 12150, 0, 6456, 5694, 0, 0, 0, 0, 1729, 723, 987, 693, 72, 3329, 4496, 121, 30, 23, 7, 0, 1292, 700, 592, 0, 0, 1055, 270, 115, 0, 2, 8084, 7087, 997, 0, 24610, 5460, 24610, 0, 17741, 6869, 0, 0, 0, 2, 8026, 2318, 3294, 1680, 2362, 6856, 47, 27, 161, 142, 19, 0, 2598, 1601, 997, 0, 0),
(78, 7, '2023_7', 1247, 229, 49, 24, 29, 10504, 8629, 1875, 0, 24929, 2769, 19563, 5366, 20678, 3744, 507, 0, 31, 86, 3786, 2455, 4726, 3433, 2079, 3753, 4109, 588, 134, 101, 33, 0, 2468, 1510, 958, 8, 3, 680, 0, 0, 0, 0, 4856, 3220, 1636, 0, 14445, 0, 10319, 4126, 12671, 1267, 507, 0, 0, 0, 2110, 1432, 2213, 1868, 946, 1343, 4109, 424, 95, 65, 30, 0, 1842, 1002, 840, 0, 0, 567, 229, 49, 24, 29, 5648, 5409, 239, 0, 10484, 2769, 9244, 1240, 8007, 2477, 0, 0, 31, 86, 1676, 1023, 2513, 1565, 1133, 2410, 0, 164, 39, 36, 3, 0, 626, 508, 118, 8, 3);

-- --------------------------------------------------------

--
-- Структура таблицы `key_indicators_arkhive`
--

CREATE TABLE `key_indicators_arkhive` (
  `id_arhive` int(11) NOT NULL,
  `date_arhive` text NOT NULL,
  `file` text NOT NULL
) ENGINE=InnoDB DEFAULT CHARSET=utf8mb4;

--
-- Дамп данных таблицы `key_indicators_arkhive`
--

INSERT INTO `key_indicators_arkhive` (`id_arhive`, `date_arhive`, `file`) VALUES
(1, '02-09-2022 9:19', 'osnovnii_pokazatels_2022_8.xls'),
(2, '02-09-2022 9:21', 'osnovnii_pokazatels_2022_8.xls'),
(3, '13-09-2022 11:24', 'osnovnii_pokazatels_2022_8.xls'),
(4, '14-09-2022 14:44', 'osnovnii_pokazatels_2022_8.xls'),
(5, '20-10-2022 11:12', 'osnovnii_pokazatels_2022_9.xls');

-- --------------------------------------------------------

--
-- Структура таблицы `key_indicators_log_edit`
--

CREATE TABLE `key_indicators_log_edit` (
  `id_edit` int(20) NOT NULL,
  `id_otchet` int(11) NOT NULL,
  `id_author_edit` int(11) NOT NULL,
  `date_edit` text NOT NULL,
  `method` text NOT NULL
) ENGINE=InnoDB DEFAULT CHARSET=utf8mb4;

--
-- Дамп данных таблицы `key_indicators_log_edit`
--

INSERT INTO `key_indicators_log_edit` (`id_edit`, `id_otchet`, `id_author_edit`, `date_edit`, `method`) VALUES
(1, 1, 8, '01-09-2022 11:25', 'Send'),
(2, 2, 4, '01-09-2022 11:37', 'Send'),
(3, 3, 14, '01-09-2022 11:59', 'Send'),
(4, 4, 7, '01-09-2022 13:39', 'Send'),
(5, 5, 9, '01-09-2022 15:14', 'Send'),
(6, 6, 16, '02-09-2022 10:57', 'Send'),
(7, 7, 10, '02-09-2022 11:05', 'Send'),
(8, 8, 13, '02-09-2022 11:43', 'Send'),
(9, 9, 11, '02-09-2022 13:24', 'Send'),
(10, 10, 6, '04-09-2022 15:10', 'Send'),
(11, 11, 5, '04-09-2022 16:13', 'Send'),
(12, 12, 12, '04-09-2022 16:41', 'Send'),
(21, 12, 1, '14-09-2022 12:52', 'update'),
(22, 13, 5, '02-10-2022 14:38', 'Send'),
(23, 14, 13, '03-10-2022 9:13', 'Send'),
(24, 15, 11, '03-10-2022 11:15', 'Send'),
(25, 16, 14, '03-10-2022 11:36', 'Send'),
(26, 17, 12, '03-10-2022 13:52', 'Send'),
(27, 18, 8, '03-10-2022 15:48', 'Send'),
(28, 19, 6, '03-10-2022 16:38', 'Send'),
(29, 20, 7, '04-10-2022 15:51', 'Send'),
(30, 21, 13, '01-11-2022 10:25', 'Send'),
(31, 22, 11, '01-11-2022 10:53', 'Send'),
(32, 23, 12, '01-11-2022 11:33', 'Send'),
(33, 24, 14, '01-11-2022 12:14', 'Send'),
(34, 25, 16, '01-11-2022 15:47', 'Send'),
(35, 26, 5, '02-11-2022 11:38', 'Send'),
(36, 27, 6, '02-11-2022 12:27', 'Send'),
(37, 28, 7, '03-11-2022 12:37', 'Send'),
(38, 29, 8, '03-11-2022 14:12', 'Send'),
(39, 30, 4, '01-12-2022 8:49', 'Send'),
(40, 31, 16, '02-12-2022 9:57', 'Send'),
(41, 32, 11, '02-12-2022 12:19', 'Send'),
(42, 33, 8, '02-12-2022 16:16', 'Send'),
(43, 34, 6, '04-12-2022 11:19', 'Send'),
(44, 35, 5, '04-12-2022 11:27', 'Send'),
(45, 36, 14, '04-12-2022 14:15', 'Send'),
(46, 37, 12, '05-12-2022 17:06', 'Send'),
(47, 38, 7, '05-12-2022 21:59', 'Send'),
(48, 39, 14, '01-02-2023 10:22', 'Send'),
(49, 40, 4, '02-02-2023 8:19', 'Send'),
(50, 41, 11, '02-02-2023 16:16', 'Send'),
(51, 42, 6, '02-02-2023 18:06', 'Send'),
(52, 43, 16, '03-02-2023 10:30', 'Send'),
(53, 44, 13, '03-02-2023 12:51', 'Send'),
(54, 45, 12, '03-02-2023 15:30', 'Send'),
(55, 46, 7, '03-02-2023 15:40', 'Send'),
(56, 47, 5, '06-02-2023 17:03', 'Send'),
(57, 48, 4, '01-03-2023 8:07', 'Send'),
(58, 49, 13, '01-03-2023 10:40', 'Send'),
(59, 50, 6, '02-03-2023 9:59', 'Send'),
(60, 51, 8, '02-03-2023 15:47', 'Send'),
(61, 52, 12, '03-03-2023 11:13', 'Send'),
(62, 53, 7, '03-03-2023 16:51', 'Send'),
(63, 54, 16, '03-03-2023 17:54', 'Send'),
(64, 55, 8, '03-04-2023 9:47', 'Send'),
(65, 56, 4, '03-04-2023 10:53', 'Send'),
(66, 57, 16, '03-04-2023 17:15', 'Send'),
(67, 58, 7, '04-04-2023 10:40', 'Send'),
(68, 59, 5, '05-04-2023 13:10', 'Send'),
(69, 60, 13, '02-05-2023 9:07', 'Send'),
(70, 61, 6, '02-05-2023 11:50', 'Send'),
(71, 62, 7, '02-05-2023 12:06', 'Send'),
(72, 63, 12, '02-05-2023 12:21', 'Send'),
(73, 64, 4, '02-05-2023 12:39', 'Send'),
(74, 65, 8, '02-05-2023 15:02', 'Send'),
(75, 66, 16, '03-05-2023 11:17', 'Send'),
(76, 67, 16, '01-06-2023 9:40', 'Send'),
(77, 68, 4, '01-06-2023 10:06', 'Send'),
(78, 69, 6, '01-06-2023 15:22', 'Send'),
(79, 70, 13, '02-06-2023 12:10', 'Send'),
(80, 71, 7, '02-06-2023 16:23', 'Send'),
(81, 72, 8, '05-06-2023 11:23', 'Send'),
(82, 73, 7, '02-07-2023 9:38', 'Send'),
(83, 73, 7, '03-07-2023 11:41', 'update'),
(84, 74, 4, '03-07-2023 12:31', 'Send'),
(85, 75, 16, '01-08-2023 9:19', 'Send'),
(86, 76, 8, '01-08-2023 11:28', 'Send'),
(87, 77, 11, '03-08-2023 11:24', 'Send'),
(88, 78, 7, '03-08-2023 12:28', 'Send');

-- --------------------------------------------------------

--
-- Структура таблицы `logs_auth`
--

CREATE TABLE `logs_auth` (
  `login` text NOT NULL,
  `date` text NOT NULL
) ENGINE=InnoDB DEFAULT CHARSET=utf8mb4;

--
-- Дамп данных таблицы `logs_auth`
--

INSERT INTO `logs_auth` (`login`, `date`) VALUES
('admin', '2022-04-25 11:02:57'),
('kna', '2022-04-25 11:22:00'),
('admin', '2022-04-25 11:54:21'),
('kna', '2022-04-25 11:59:57'),
('admin', '2022-04-25 12:00:42'),
('admin', '2022-04-25 16:37:09'),
('admin', '2022-04-25 19:26:26'),
('admin', '2022-04-27 09:22:25'),
('rmb', '2022-05-01 13:00:08'),
('admin', '2022-05-01 16:17:06'),
('dns', '2022-05-02 11:05:38'),
('seu', '2022-05-02 11:08:21'),
('pts', '2022-05-02 12:36:33'),
('ikf', '2022-05-02 13:13:01'),
('admin', '2022-05-02 13:48:59'),
('admin', '2022-05-02 13:50:50'),
('admin', '2022-05-02 13:51:37'),
('admin', '2022-05-02 13:56:43'),
('admin', '2022-05-02 13:57:25'),
('kos', '2022-05-02 15:14:48'),
('dus', '2022-05-02 15:34:36'),
('dus', '2022-05-03 18:26:51'),
('pts', '2022-05-04 08:52:32'),
('admin', '2022-05-04 09:07:04'),
('kev', '2022-05-04 11:14:40'),
('mgg', '2022-05-04 11:25:43'),
('goa', '2022-05-04 11:30:07'),
('admin', '2022-05-04 11:31:37'),
('admin', '2022-05-04 11:33:33'),
('admin', '2022-05-04 19:45:34'),
('admin', '2022-05-05 09:36:05'),
('admin', '2022-05-05 18:43:06'),
('admin', '2022-05-09 15:38:23'),
('admin', '2022-05-11 09:09:56'),
('via', '2022-05-12 12:50:40'),
('via', '2022-05-12 12:54:08'),
('admin', '2022-05-25 21:59:38'),
('admin', '2022-05-27 09:30:44'),
('rmb', '2022-05-30 15:39:42'),
('dus', '2022-05-31 14:02:11'),
('pts', '2022-06-02 12:13:20'),
('via', '2022-06-02 12:22:46'),
('admin', '2022-06-09 15:06:39'),
('admin', '2022-06-09 15:15:16'),
('uni', '2022-06-10 09:22:34'),
('rmb', '2022-07-04 18:22:42'),
('mgg', '2022-07-04 18:23:17'),
('via', '2022-07-04 18:26:38'),
('seu', '2022-07-04 22:34:44'),
('pts', '2022-07-05 10:19:58'),
('admin', '2022-07-07 10:18:05'),
('admin', '2022-07-07 11:07:29'),
('dns', '2022-08-01 12:01:10'),
('mgg', '2022-08-01 14:07:03'),
('rmb', '2022-08-01 15:53:52'),
('ikf', '2022-08-02 10:25:06'),
('dus', '2022-08-02 11:11:10'),
('kos', '2022-08-02 11:22:18'),
('seu', '2022-08-03 17:47:28'),
('admin', '2022-08-04 14:37:32'),
('admin', '2022-08-05 15:11:57'),
('kev', '2022-08-05 15:14:42'),
('kev', '2022-08-05 15:19:30'),
('goa', '2022-08-05 15:23:34'),
('kna', '2022-08-05 15:29:11'),
('uni', '2022-08-29 17:20:44'),
('KNA', '2022-08-29 18:01:14'),
('KNA', '2022-08-29 18:02:29'),
('KNA', '2022-08-29 18:03:22'),
('xnv', '2022-08-30 09:11:30'),
('XNV', '2022-08-30 09:12:58'),
('xnv', '2022-08-30 09:13:16'),
('kna', '2022-08-30 09:13:45'),
('dns', '2022-08-30 11:21:03'),
('rmb', '2022-08-30 15:08:43'),
('dus', '2022-08-30 15:33:15'),
('goa', '2022-08-30 15:56:33'),
('mgg', '2022-08-30 16:00:23'),
('goa', '2022-08-30 16:14:51'),
('via', '2022-08-30 16:16:02'),
('shev', '2022-08-31 16:10:56'),
('admin', '2022-08-31 16:19:51'),
('goa', '2022-09-01 08:31:31'),
('kev', '2022-09-01 16:52:16'),
('goa', '2022-09-01 17:04:13'),
('admin', '2022-09-02 09:13:54'),
('admin', '2022-09-02 09:20:47'),
('shev', '2022-09-02 09:21:16'),
('admin', '2022-09-02 09:35:49'),
('shev', '2022-09-13 14:45:27'),
('admin', '2022-09-13 14:54:56'),
('admin', '2022-09-14 11:15:58'),
('admin', '2022-09-14 11:58:58'),
('admin', '2022-09-14 14:29:17'),
('admin', '2022-09-14 14:52:52'),
('admin', '2022-09-20 17:02:37'),
('admin', '2022-09-22 09:21:37'),
('Admin', '2022-09-23 10:49:33'),
('admin', '2022-09-24 14:25:09'),
('admin', '2022-09-29 19:04:31'),
('via', '2022-09-30 12:48:47'),
('rmb', '2022-10-02 12:23:54'),
('rmb', '2022-10-02 12:23:58'),
('rmb', '2022-10-02 12:24:38'),
('mgg', '2022-10-04 11:57:42'),
('KNA', '2022-10-06 13:10:49'),
('kna', '2022-10-06 13:11:02'),
('goa', '2022-10-06 13:11:17'),
('kna', '2022-10-06 13:23:01'),
('pts', '2022-10-06 13:29:04'),
('kna', '2022-10-06 13:33:38'),
('admin', '2022-10-17 09:11:48'),
('admin', '2022-10-17 12:15:53'),
('admin', '2022-10-17 15:45:42'),
('admin', '2022-10-17 16:46:14'),
('admin', '2022-10-19 11:27:57'),
('admin', '2022-10-19 12:23:55'),
('admin', '2022-10-19 12:25:32'),
('dns', '2022-10-19 16:24:17'),
('admin', '2022-10-19 19:19:40'),
('admin', '2022-10-20 11:07:38'),
('seu', '2022-10-27 13:24:41'),
('pts', '2022-11-01 10:18:27'),
('DUS', '2022-11-01 10:45:53'),
('dus', '2022-11-01 10:46:04'),
('kos', '2022-11-01 11:07:34'),
('seu', '2022-11-02 11:17:45'),
('kev', '2022-11-02 11:26:43'),
('seu', '2022-11-02 11:40:15'),
('seu', '2022-11-02 11:43:20'),
('seu', '2022-11-02 11:57:48'),
('via', '2022-11-03 09:55:39'),
('RMB', '2022-11-03 12:07:55'),
('rmb', '2022-11-03 12:08:20'),
('kna', '2022-11-03 12:20:26'),
('ikf', '2022-11-03 12:20:45'),
('rmb', '2022-11-03 18:14:26'),
('goa', '2022-11-07 11:47:53'),
('mgg', '2022-11-07 11:50:46'),
('kna', '2022-11-07 11:51:23'),
('goa', '2022-11-07 11:54:45'),
('goa', '2022-11-07 11:55:16'),
('goa', '2022-11-07 11:55:22'),
('goa', '2022-11-07 12:07:51'),
('goa', '2022-11-07 12:47:45'),
('kna', '2022-11-07 12:55:23'),
('goa', '2022-11-07 13:04:33'),
('kna', '2022-11-07 13:06:16'),
('goa', '2022-11-07 14:08:11'),
('kev', '2022-12-01 11:33:41'),
('goa', '2022-12-02 11:02:16'),
('ikf', '2022-12-05 21:43:21'),
('kos', '2022-12-06 15:41:21'),
('mgg', '2022-12-06 15:41:57'),
('kna', '2022-12-06 15:46:48'),
('pts', '2022-12-06 16:03:17'),
('kna', '2022-12-06 16:06:09'),
('admin', '2022-12-08 11:07:34'),
('shev', '2022-12-09 09:36:23'),
('admin', '2022-12-09 10:09:35'),
('kos', '2022-12-12 10:33:49'),
('goa', '2022-12-22 08:46:17'),
('admin', '2022-12-27 15:07:33'),
('kna', '2022-12-27 15:08:41'),
('kna', '2022-12-28 11:19:25'),
('kna', '2023-01-05 12:25:15'),
('admin', '2023-01-09 11:19:36'),
('admin', '2023-01-09 11:29:32'),
('admin', '2023-01-09 11:30:17'),
('admin', '2023-01-09 16:38:09'),
('goa', '2023-02-01 14:53:58'),
('goa', '2023-02-02 08:12:20'),
('via', '2023-02-02 15:26:30'),
('via', '2023-02-02 15:27:21'),
('kna', '2023-02-02 16:03:00'),
('Via', '2023-02-02 16:07:13'),
('Via', '2023-02-02 16:07:18'),
('Via', '2023-02-02 16:07:20'),
('Via', '2023-02-02 16:07:24'),
('Via', '2023-02-02 16:07:46'),
('Via', '2023-02-02 16:07:50'),
('Via', '2023-02-02 16:07:52'),
('Via', '2023-02-02 16:09:28'),
('Via', '2023-02-02 16:09:30'),
('Via', '2023-02-02 16:10:27'),
('Via', '2023-02-02 16:10:28'),
('Via', '2023-02-02 16:10:30'),
('dus', '2023-02-02 16:12:50'),
('seu', '2023-02-03 11:16:25'),
('pts', '2023-02-03 12:42:58'),
('kos', '2023-02-03 15:13:31'),
('ikf', '2023-02-03 15:18:39'),
('kev', '2023-02-06 11:45:42'),
('kev', '2023-02-06 13:04:37'),
('via', '2023-02-07 12:58:05'),
('kna', '2023-02-07 13:00:47'),
('kna', '2023-02-07 13:08:55'),
('kos', '2023-02-07 13:23:33'),
('kna', '2023-02-07 13:24:04'),
('MGG', '2023-02-07 13:55:27'),
('mgg', '2023-02-07 13:55:40'),
('mgg', '2023-02-12 13:17:05'),
('mgg', '2023-02-17 14:39:14'),
('mgg', '2023-02-17 15:08:27'),
('Via', '2023-02-28 10:45:01'),
('Via', '2023-02-28 10:45:05'),
('Via', '2023-02-28 10:45:32'),
('Via', '2023-02-28 10:45:33'),
('Via', '2023-02-28 10:49:13'),
('admin', '2023-02-28 10:50:12'),
('via', '2023-02-28 10:50:29'),
('via', '2023-02-28 10:50:41'),
('dus', '2023-02-28 11:39:07'),
('seu', '2023-02-28 16:10:14'),
('seu', '2023-02-28 16:10:49'),
('goa', '2023-03-01 10:24:54'),
('seu', '2023-03-01 14:19:25'),
('seu', '2023-03-01 14:19:40'),
('mgg', '2023-03-02 09:01:25'),
('seu', '2023-03-02 09:55:18'),
('kos', '2023-03-03 11:01:42'),
('seu', '2023-03-03 11:31:41'),
('seu', '2023-03-03 11:33:57'),
('seu', '2023-03-03 11:37:56'),
('admin', '2023-03-18 22:04:01'),
('admin', '2023-03-28 10:14:34'),
('via', '2023-03-30 12:54:23'),
('kev', '2023-03-30 15:57:16'),
('kna', '2023-03-30 15:57:35'),
('goa', '2023-04-03 10:46:48'),
('kev', '2023-04-05 12:46:57'),
('rmb', '2023-04-06 11:01:57'),
('dus', '2023-04-06 11:03:06'),
('seu', '2023-04-10 13:41:06'),
('seu', '2023-04-11 11:30:13'),
('goa', '2023-04-17 12:18:32'),
('rmb', '2023-04-30 09:43:16'),
('rmb', '2023-04-30 09:48:07'),
('seu', '2023-05-02 11:24:54'),
('kos', '2023-05-02 11:49:41'),
('goa', '2023-05-02 12:27:31'),
('dns', '2023-05-02 12:39:03'),
('seu', '2023-05-02 12:44:32'),
('goa', '2023-05-02 13:00:04'),
('kna', '2023-05-02 15:04:05'),
('dns', '2023-05-02 15:57:40'),
('goa', '2023-05-03 10:50:33'),
('goa', '2023-05-04 17:40:28'),
('seu', '2023-05-11 17:27:03'),
('seu', '2023-05-29 15:50:24'),
('seu', '2023-05-29 16:18:52'),
('via', '2023-05-30 11:30:13'),
('goa', '2023-05-30 16:07:41'),
('mgg', '2023-05-31 16:28:25'),
('goa', '2023-06-01 10:44:40'),
('seu', '2023-06-29 15:12:16'),
('ikf', '2023-06-30 09:09:59'),
('ikf', '2023-07-03 11:15:10'),
('goa', '2023-07-03 12:26:41'),
('xnv', '2023-07-31 10:04:18'),
('goa', '2023-07-31 16:51:03'),
('kna', '2023-08-03 10:48:27'),
('seu', '2023-08-03 11:26:38'),
('seu', '2023-08-03 12:35:27'),
('kna', '2023-08-04 11:05:53');

-- --------------------------------------------------------

--
-- Структура таблицы `otchet_cod`
--

CREATE TABLE `otchet_cod` (
  `id_otchet` int(11) NOT NULL,
  `id_user` int(11) NOT NULL,
  `date_otch` text NOT NULL,
  `number_users` int(11) NOT NULL DEFAULT 0,
  `number_users_kd` int(11) NOT NULL DEFAULT 0,
  `number_visits` int(11) NOT NULL DEFAULT 0,
  `number_visits_kd` int(11) NOT NULL DEFAULT 0,
  `number_book_publishing` int(11) NOT NULL DEFAULT 0,
  `number_book_publishing_kd` int(11) NOT NULL DEFAULT 0,
  `work_komp` int(11) NOT NULL DEFAULT 0,
  `work_komp_kd` int(11) NOT NULL DEFAULT 0,
  `garant` int(11) NOT NULL DEFAULT 0,
  `garant_kd` int(11) NOT NULL DEFAULT 0,
  `konsultant` int(11) NOT NULL DEFAULT 0,
  `konsultant_kd` int(11) NOT NULL DEFAULT 0,
  `ethernet` int(11) NOT NULL DEFAULT 0,
  `ethernet_kd` int(11) NOT NULL DEFAULT 0,
  `electronic_catalog` int(11) NOT NULL DEFAULT 0,
  `electronic_catalog_kd` int(11) NOT NULL DEFAULT 0,
  `activities_carried` int(11) NOT NULL DEFAULT 0,
  `activities_carried_kd` int(11) NOT NULL DEFAULT 0,
  `number_event_visits` int(11) NOT NULL DEFAULT 0,
  `number_event_visits_kd` int(11) NOT NULL DEFAULT 0,
  `computer_school` int(11) NOT NULL DEFAULT 0,
  `computer_school_kd` int(11) NOT NULL DEFAULT 0,
  `number_students` int(11) NOT NULL DEFAULT 0,
  `number_students_kd` int(11) NOT NULL DEFAULT 0,
  `number_classes` int(11) NOT NULL DEFAULT 0,
  `number_classes_kd` int(11) NOT NULL DEFAULT 0
) ENGINE=InnoDB DEFAULT CHARSET=utf8mb4;

--
-- Дамп данных таблицы `otchet_cod`
--

INSERT INTO `otchet_cod` (`id_otchet`, `id_user`, `date_otch`, `number_users`, `number_users_kd`, `number_visits`, `number_visits_kd`, `number_book_publishing`, `number_book_publishing_kd`, `work_komp`, `work_komp_kd`, `garant`, `garant_kd`, `konsultant`, `konsultant_kd`, `ethernet`, `ethernet_kd`, `electronic_catalog`, `electronic_catalog_kd`, `activities_carried`, `activities_carried_kd`, `number_event_visits`, `number_event_visits_kd`, `computer_school`, `computer_school_kd`, `number_students`, `number_students_kd`, `number_classes`, `number_classes_kd`) VALUES
(1, 9, '2021_4', 43, 0, 153, 0, 388, 0, 23, 0, 0, 0, 0, 0, 16, 0, 9, 0, 0, 0, 0, 0, 1, 0, 5, 0, 16, 0),
(2, 9, '2022_4', 30, 0, 119, 0, 378, 0, 26, 0, 0, 0, 0, 0, 12, 0, 31, 0, 1, 1, 22, 18, 1, 0, 5, 0, 5, 0),
(3, 14, '2021_4', 37, 19, 62, 37, 2, 0, 55, 31, 0, 0, 0, 0, 17, 0, 19, 16, 1, 1, 7, 7, 0, 0, 0, 0, 0, 0),
(4, 14, '2022_4', 17, 4, 30, 8, 38, 1, 28, 8, 0, 0, 0, 0, 3, 0, 11, 5, 0, 0, 0, 0, 0, 0, 0, 0, 0, 0),
(5, 12, '2021_4', 9, 4, 41, 7, 72, 6, 41, 7, 0, 0, 0, 0, 41, 7, 1, 0, 0, 0, 0, 0, 0, 0, 0, 0, 0, 0),
(6, 12, '2022_4', 25, 4, 75, 4, 3, 0, 39, 4, 0, 0, 0, 0, 39, 4, 2, 0, 0, 0, 0, 0, 0, 0, 0, 0, 0, 0),
(7, 11, '2021_4', 7, 0, 13, 0, 4, 0, 13, 0, 0, 0, 0, 0, 13, 0, 2, 0, 0, 0, 0, 0, 0, 0, 0, 0, 0, 0),
(8, 11, '2022_4', 19, 0, 70, 0, 0, 0, 33, 0, 0, 0, 0, 0, 31, 0, 0, 0, 0, 0, 0, 0, 0, 0, 0, 0, 0, 0),
(9, 13, '2021_4', 13, 0, 38, 0, 28, 0, 2, 0, 0, 0, 0, 0, 0, 0, 0, 0, 2, 0, 17, 0, 0, 0, 0, 0, 0, 0),
(10, 13, '2022_4', 0, 0, 14, 0, 0, 0, 5, 0, 0, 0, 0, 0, 0, 0, 0, 0, 1, 1, 12, 5, 0, 0, 0, 0, 0, 0),
(11, 3, '2021_4', 476, 0, 1225, 0, 2117, 0, 545, 0, 0, 0, 18, 0, 534, 0, 96, 0, 26, 0, 517, 0, 4, 0, 16, 0, 55, 0),
(12, 3, '2022_4', 497, 0, 1356, 0, 4119, 0, 725, 0, 0, 0, 20, 0, 538, 0, 101, 0, 17, 0, 453, 0, 8, 0, 26, 0, 66, 0),
(13, 7, '2021_4', 164, 44, 199, 50, 10, 0, 175, 48, 0, 0, 0, 0, 155, 48, 47, 15, 0, 0, 0, 0, 1, 0, 5, 0, 3, 0),
(14, 7, '2022_4', 166, 52, 200, 66, 49, 0, 176, 61, 0, 0, 0, 0, 163, 48, 61, 17, 0, 0, 0, 0, 0, 0, 0, 0, 0, 0),
(15, 5, '2021_4', 32, 12, 139, 44, 198, 89, 0, 0, 0, 0, 0, 0, 112, 50, 28, 21, 0, 0, 0, 0, 0, 0, 0, 0, 0, 0),
(16, 5, '2022_4', 37, 14, 173, 97, 267, 139, 0, 0, 0, 0, 0, 0, 132, 81, 12, 7, 6, 3, 67, 39, 0, 0, 0, 0, 0, 0),
(17, 10, '2021_4', 15, 1, 49, 1, 70, 2, 43, 1, 0, 0, 0, 0, 43, 1, 12, 0, 1, 1, 18, 18, 2, 0, 2, 0, 13, 0),
(18, 10, '2022_4', 17, 0, 83, 30, 39, 0, 39, 0, 0, 0, 0, 0, 39, 0, 7, 0, 2, 2, 44, 44, 1, 0, 1, 0, 5, 0),
(19, 4, '2021_4', 423, 419, 1172, 1143, 1233, 1233, 40, 40, 0, 0, 0, 0, 1, 1, 5, 5, 12, 12, 288, 288, 3, 3, 6, 6, 24, 24),
(20, 4, '2022_4', 411, 407, 1166, 1166, 1229, 1229, 37, 37, 0, 0, 0, 0, 0, 0, 3, 3, 12, 12, 342, 342, 3, 3, 6, 6, 24, 24),
(21, 6, '2021_4', 0, 0, 0, 0, 0, 0, 0, 0, 0, 0, 0, 0, 0, 0, 0, 0, 0, 0, 0, 0, 0, 0, 0, 0, 0, 0),
(22, 6, '2022_4', 11, 0, 19, 0, 19, 0, 0, 0, 0, 0, 3, 0, 0, 0, 0, 0, 0, 0, 0, 0, 0, 0, 0, 0, 0, 0),
(23, 8, '2021_4', 83, 3, 227, 4, 277, 3, 25, 19, 0, 0, 0, 0, 23, 18, 0, 0, 0, 0, 0, 0, 0, 0, 0, 0, 0, 0),
(24, 8, '2022_4', 69, 2, 154, 2, 144, 2, 25, 0, 0, 0, 0, 0, 25, 0, 0, 0, 0, 0, 0, 0, 0, 0, 0, 0, 0, 0),
(25, 4, '2021_5', 423, 419, 1206, 1175, 1241, 1241, 57, 57, 0, 0, 0, 0, 1, 1, 5, 5, 12, 12, 288, 288, 5, 5, 9, 9, 40, 40),
(26, 4, '2022_5', 424, 420, 1207, 1207, 1255, 1255, 46, 46, 0, 0, 0, 0, 0, 0, 3, 5, 12, 12, 342, 342, 5, 5, 9, 9, 40, 40),
(27, 9, '2021_5', 43, 0, 172, 0, 433, 0, 25, 0, 0, 0, 0, 0, 21, 0, 13, 0, 0, 0, 0, 0, 1, 0, 5, 0, 23, 0),
(28, 9, '2022_5', 38, 0, 152, 0, 453, 0, 37, 0, 0, 0, 0, 0, 12, 0, 31, 0, 1, 1, 22, 18, 1, 0, 5, 0, 25, 0),
(29, 13, '2021_5', 13, 0, 38, 0, 28, 0, 2, 0, 0, 0, 0, 0, 0, 0, 0, 0, 0, 0, 0, 0, 0, 0, 0, 0, 0, 0),
(30, 13, '2022_5', 0, 0, 2, 0, 11, 0, 2, 0, 0, 0, 0, 0, 0, 0, 0, 0, 0, 0, 0, 0, 0, 0, 0, 0, 0, 0),
(31, 8, '2021_5', 91, 3, 277, 4, 308, 4, 41, 20, 0, 0, 0, 0, 35, 19, 0, 0, 0, 0, 0, 0, 0, 0, 0, 0, 0, 0),
(32, 8, '2022_5', 70, 2, 174, 2, 174, 2, 25, 0, 0, 0, 0, 0, 25, 0, 3, 0, 0, 0, 0, 0, 0, 0, 0, 0, 0, 0),
(33, 12, '2021_5', 11, 5, 49, 8, 76, 7, 49, 8, 0, 0, 0, 0, 49, 8, 1, 0, 0, 0, 0, 0, 0, 0, 0, 0, 0, 0),
(34, 12, '2022_5', 31, 4, 89, 4, 6, 0, 45, 4, 0, 0, 0, 0, 45, 4, 2, 0, 0, 0, 0, 0, 0, 0, 0, 0, 0, 0),
(35, 10, '2021_5', 24, 5, 69, 6, 82, 2, 58, 6, 0, 0, 0, 0, 58, 6, 20, 4, 1, 1, 18, 18, 2, 0, 2, 0, 13, 0),
(36, 10, '2022_5', 21, 1, 89, 31, 47, 0, 45, 1, 0, 0, 0, 0, 45, 1, 10, 1, 2, 2, 44, 44, 1, 0, 1, 0, 5, 0),
(37, 3, '2021_5', 511, 0, 1418, 0, 2460, 0, 575, 0, 0, 0, 18, 0, 559, 0, 106, 0, 27, 0, 542, 0, 4, 0, 20, 0, 60, 0),
(38, 3, '2022_5', 575, 0, 1595, 0, 6820, 0, 859, 0, 0, 0, 20, 0, 672, 0, 120, 0, 19, 0, 479, 0, 9, 0, 33, 0, 67, 0),
(39, 11, '2021_5', 8, 0, 19, 0, 6, 0, 19, 0, 0, 0, 0, 0, 19, 0, 0, 0, 0, 0, 0, 0, 0, 0, 0, 0, 0, 0),
(40, 11, '2022_5', 25, 0, 124, 0, 0, 0, 50, 0, 0, 0, 0, 0, 48, 0, 0, 0, 0, 0, 0, 0, 0, 0, 0, 0, 0, 0),
(41, 6, '2021_5', 0, 0, 0, 0, 0, 0, 0, 0, 0, 0, 0, 0, 0, 0, 0, 0, 0, 0, 0, 0, 0, 0, 0, 0, 0, 0),
(42, 6, '2022_5', 11, 0, 26, 0, 39, 0, 0, 0, 0, 0, 0, 0, 0, 0, 0, 0, 0, 0, 0, 0, 0, 0, 0, 0, 0, 0),
(43, 7, '2021_5', 180, 49, 344, 58, 10, 0, 319, 56, 0, 0, 0, 0, 211, 56, 54, 18, 0, 0, 0, 0, 1, 0, 5, 0, 27, 0),
(44, 7, '2022_5', 193, 64, 248, 84, 63, 0, 224, 79, 0, 0, 0, 0, 203, 65, 69, 23, 0, 0, 0, 0, 1, 0, 5, 0, 4, 0),
(45, 5, '2021_5', 0, 0, 0, 0, 0, 0, 0, 0, 0, 0, 0, 0, 0, 0, 0, 0, 0, 0, 0, 0, 0, 0, 0, 0, 0, 0),
(46, 5, '2022_5', 37, 14, 234, 117, 311, 207, 0, 0, 0, 0, 0, 0, 0, 0, 0, 0, 6, 3, 67, 39, 0, 0, 0, 0, 0, 0),
(47, 14, '2021_5', 38, 20, 73, 48, 7, 5, 66, 42, 0, 0, 0, 0, 17, 0, 19, 5, 3, 3, 17, 17, 0, 0, 0, 0, 0, 0),
(48, 14, '2022_5', 17, 4, 33, 8, 0, 0, 29, 8, 0, 0, 0, 0, 3, 0, 12, 5, 0, 0, 0, 0, 0, 0, 0, 0, 0, 0),
(49, 3, '2021_6', 531, 0, 1612, 0, 2961, 0, 636, 0, 0, 0, 30, 0, 617, 0, 118, 0, 28, 0, 546, 0, 6, 0, 32, 0, 120, 0),
(50, 3, '2022_6', 633, 0, 1770, 0, 7369, 0, 932, 0, 0, 0, 32, 0, 742, 0, 139, 0, 21, 0, 505, 0, 10, 0, 39, 0, 71, 0),
(51, 4, '2021_6', 444, 440, 1362, 1331, 1267, 1267, 57, 57, 0, 0, 0, 0, 1, 1, 5, 5, 16, 16, 418, 418, 5, 5, 9, 9, 40, 40),
(52, 4, '2022_6', 448, 448, 1369, 1369, 1283, 1283, 46, 46, 0, 0, 0, 0, 0, 3, 3, 3, 14, 14, 371, 371, 5, 5, 9, 9, 40, 40),
(53, 5, '2021_6', 39, 18, 303, 74, 403, 105, 270, 73, 0, 0, 0, 0, 0, 0, 45, 41, 0, 0, 0, 0, 0, 0, 0, 0, 0, 0),
(54, 5, '2022_6', 41, 18, 307, 129, 409, 222, 281, 124, 0, 0, 0, 0, 182, 0, 16, 9, 8, 4, 97, 48, 0, 0, 0, 0, 0, 0),
(55, 12, '2021_6', 15, 5, 75, 5, 67, 6, 58, 5, 0, 0, 0, 0, 58, 5, 1, 0, 0, 0, 0, 0, 0, 0, 0, 0, 0, 0),
(56, 12, '2022_6', 33, 6, 97, 6, 8, 0, 48, 6, 0, 0, 0, 0, 48, 6, 5, 0, 0, 0, 0, 0, 0, 0, 0, 0, 0, 0),
(57, 11, '2021_6', 10, 0, 26, 0, 9, 0, 26, 0, 0, 0, 0, 0, 26, 0, 0, 0, 0, 0, 0, 0, 0, 0, 0, 0, 0, 0),
(58, 11, '2022_6', 27, 0, 211, 0, 0, 0, 119, 0, 0, 0, 0, 0, 57, 0, 0, 0, 6, 0, 60, 0, 0, 0, 0, 0, 0, 0),
(59, 9, '2021_6', 44, 0, 184, 0, 453, 0, 30, 0, 0, 0, 0, 0, 26, 0, 19, 0, 0, 0, 0, 0, 1, 0, 5, 0, 25, 0),
(60, 9, '2022_6', 43, 0, 182, 0, 540, 0, 37, 0, 0, 0, 0, 0, 14, 0, 55, 0, 1, 1, 22, 18, 1, 0, 5, 0, 38, 0),
(61, 7, '2021_6', 191, 50, 388, 60, 21, 0, 362, 58, 0, 0, 0, 0, 254, 58, 58, 18, 1, 1, 6, 6, 1, 0, 5, 0, 34, 0),
(62, 7, '2022_6', 209, 70, 393, 113, 78, 0, 368, 107, 0, 0, 0, 0, 304, 79, 78, 28, 1, 0, 5, 0, 1, 0, 5, 0, 30, 0),
(63, 8, '2021_6', 96, 3, 307, 5, 339, 4, 44, 21, 0, 0, 0, 0, 36, 19, 0, 0, 0, 0, 0, 0, 0, 0, 0, 0, 0, 0),
(64, 8, '2022_6', 85, 2, 260, 7, 238, 2, 76, 7, 0, 0, 0, 0, 76, 7, 4, 0, 0, 0, 0, 0, 0, 0, 0, 0, 0, 0),
(65, 14, '2021_6', 38, 20, 73, 48, 7, 5, 66, 42, 0, 0, 0, 0, 17, 0, 19, 17, 3, 3, 17, 17, 0, 0, 0, 0, 0, 0),
(66, 14, '2022_6', 18, 4, 36, 8, 0, 0, 31, 8, 0, 0, 0, 0, 4, 0, 14, 5, 0, 0, 0, 0, 0, 0, 0, 0, 0, 0),
(67, 13, '2021_6', 13, 0, 38, 0, 28, 0, 2, 0, 0, 0, 0, 0, 0, 0, 0, 0, 0, 0, 0, 0, 0, 0, 0, 0, 0, 0),
(68, 13, '2022_6', 0, 0, 16, 0, 11, 0, 5, 0, 0, 0, 0, 0, 0, 0, 0, 0, 2, 0, 12, 0, 0, 0, 0, 0, 0, 0),
(69, 10, '2021_6', 28, 9, 89, 10, 99, 2, 78, 10, 0, 0, 0, 0, 78, 10, 25, 9, 1, 1, 18, 18, 2, 0, 2, 0, 13, 0),
(70, 10, '2022_6', 30, 7, 101, 63, 55, 0, 59, 7, 0, 0, 0, 0, 59, 7, 18, 7, 3, 3, 56, 56, 1, 0, 1, 0, 5, 0),
(71, 6, '2021_6', 0, 0, 0, 0, 0, 0, 0, 0, 0, 0, 0, 0, 0, 0, 0, 0, 0, 0, 0, 0, 0, 0, 0, 0, 0, 0),
(72, 6, '2022_6', 13, 0, 33, 0, 55, 0, 0, 0, 0, 0, 0, 0, 0, 0, 0, 0, 0, 0, 0, 0, 0, 0, 0, 0, 0, 0),
(73, 8, '2021_7', 96, 3, 307, 5, 339, 4, 44, 21, 0, 21, 0, 0, 36, 19, 0, 0, 0, 0, 0, 0, 0, 0, 0, 0, 0, 0),
(74, 8, '2022_7', 108, 3, 431, 10, 286, 2, 212, 10, 0, 0, 0, 0, 160, 10, 10, 0, 0, 0, 0, 0, 1, 0, 6, 0, 34, 0),
(75, 14, '2021_7', 38, 20, 73, 48, 7, 5, 66, 42, 0, 0, 0, 0, 17, 0, 19, 17, 3, 3, 17, 17, 0, 0, 0, 0, 0, 0),
(76, 14, '2022_7', 18, 4, 38, 8, 0, 0, 31, 8, 0, 0, 0, 0, 3, 0, 14, 5, 0, 0, 0, 0, 0, 0, 0, 0, 0, 0),
(77, 13, '2021_7', 15, 0, 48, 0, 46, 0, 2, 0, 0, 0, 0, 0, 0, 0, 0, 0, 0, 0, 0, 0, 0, 0, 0, 0, 0, 0),
(78, 13, '2022_7', 0, 0, 25, 0, 29, 0, 2, 0, 0, 0, 0, 0, 2, 0, 0, 0, 0, 0, 0, 0, 0, 0, 0, 0, 0, 0),
(79, 10, '2021_7', 28, 9, 89, 10, 99, 2, 78, 10, 0, 0, 0, 0, 78, 10, 25, 9, 1, 1, 18, 18, 2, 0, 2, 0, 13, 0),
(80, 10, '2022_7', 32, 7, 116, 70, 62, 0, 67, 7, 0, 0, 0, 0, 67, 7, 19, 7, 4, 4, 63, 63, 1, 0, 1, 0, 5, 0),
(81, 9, '2021_7', 51, 0, 218, 0, 577, 0, 35, 0, 0, 0, 0, 0, 29, 0, 27, 0, 0, 0, 0, 0, 1, 0, 5, 0, 25, 0),
(82, 9, '2022_7', 51, 0, 215, 0, 674, 0, 42, 0, 0, 0, 0, 0, 18, 0, 73, 0, 1, 1, 22, 18, 1, 0, 5, 0, 38, 0),
(83, 7, '2021_7', 204, 51, 410, 61, 22, 0, 383, 59, 0, 0, 0, 0, 272, 59, 62, 18, 1, 1, 6, 6, 1, 0, 5, 0, 34, 0),
(84, 7, '2022_7', 223, 79, 434, 122, 88, 0, 406, 116, 0, 0, 0, 0, 337, 87, 81, 28, 1, 0, 5, 0, 1, 0, 5, 0, 30, 0),
(85, 11, '2021_7', 11, 0, 32, 0, 11, 0, 32, 0, 0, 0, 0, 0, 32, 0, 0, 0, 0, 0, 0, 0, 0, 0, 0, 0, 0, 0),
(86, 11, '2022_7', 32, 0, 344, 0, 0, 0, 193, 0, 0, 0, 0, 0, 71, 0, 0, 0, 15, 0, 150, 0, 0, 0, 0, 0, 0, 0),
(87, 12, '2021_7', 21, 7, 75, 10, 81, 11, 75, 11, 0, 0, 0, 0, 75, 10, 2, 0, 0, 0, 0, 0, 0, 0, 0, 0, 0, 0),
(88, 12, '2022_7', 36, 6, 108, 6, 8, 0, 51, 6, 0, 0, 0, 0, 51, 6, 5, 0, 0, 0, 0, 0, 0, 0, 0, 0, 0, 0),
(89, 6, '2021_7', 0, 0, 0, 0, 0, 0, 0, 0, 0, 0, 0, 0, 0, 0, 0, 0, 0, 0, 0, 0, 0, 0, 0, 0, 0, 0),
(90, 6, '2022_7', 13, 0, 36, 0, 62, 0, 0, 0, 0, 0, 0, 0, 0, 0, 0, 0, 0, 0, 0, 0, 0, 0, 0, 0, 0, 0),
(91, 3, '2021_7', 675, 0, 1987, 0, 3331, 0, 778, 0, 1, 0, 32, 0, 759, 0, 133, 0, 31, 0, 580, 0, 6, 0, 32, 0, 120, 0),
(92, 3, '2022_7', 716, 0, 1996, 0, 7600, 0, 1025, 0, 0, 0, 32, 0, 835, 0, 167, 0, 21, 0, 505, 0, 11, 0, 43, 0, 75, 0),
(93, 5, '2021_7', 32, 12, 315, 87, 417, 89, 0, 0, 0, 0, 0, 0, 282, 86, 28, 21, 0, 0, 0, 0, 0, 0, 0, 0, 0, 0),
(94, 5, '2022_7', 41, 18, 324, 141, 472, 271, 281, 124, 0, 0, 0, 0, 324, 161, 16, 9, 8, 4, 111, 62, 0, 0, 0, 0, 0, 0),
(95, 4, '2021_7', 458, 454, 1380, 1349, 1285, 1285, 57, 57, 0, 0, 0, 0, 0, 0, 5, 5, 16, 16, 418, 418, 5, 5, 9, 9, 40, 40),
(96, 4, '2022_7', 459, 459, 1380, 1380, 1294, 1294, 46, 46, 0, 0, 0, 0, 3, 3, 3, 3, 14, 14, 371, 371, 5, 5, 9, 9, 40, 40),
(97, 13, '2021_8', 15, 0, 51, 0, 51, 0, 2, 0, 0, 0, 0, 0, 0, 0, 0, 0, 0, 0, 0, 0, 0, 0, 0, 0, 0, 0),
(98, 13, '2022_8', 0, 0, 28, 0, 33, 0, 10, 0, 0, 0, 0, 0, 0, 0, 0, 0, 0, 0, 0, 0, 0, 0, 0, 0, 0, 0),
(99, 3, '2021_8', 754, 0, 2313, 0, 3893, 0, 927, 0, 1, 0, 35, 0, 895, 0, 156, 0, 39, 0, 652, 0, 6, 0, 33, 0, 124, 0),
(100, 3, '2022_8', 776, 0, 2318, 0, 8026, 0, 1110, 0, 0, 0, 37, 0, 914, 0, 187, 0, 21, 0, 505, 0, 11, 0, 43, 0, 82, 0),
(101, 8, '2021_8', 116, 3, 526, 8, 488, 7, 119, 22, 0, 0, 0, 0, 111, 20, 8, 1, 0, 0, 0, 0, 1, 0, 6, 0, 10, 0),
(102, 8, '2022_8', 111, 3, 524, 11, 393, 2, 240, 11, 0, 0, 0, 0, 188, 11, 10, 0, 0, 0, 0, 0, 1, 0, 6, 0, 34, 0),
(103, 14, '2021_8', 38, 20, 73, 48, 7, 5, 66, 42, 0, 0, 0, 0, 17, 0, 19, 17, 3, 3, 17, 17, 0, 0, 0, 0, 0, 0),
(104, 14, '2022_8', 18, 4, 38, 8, 0, 0, 31, 8, 0, 0, 0, 0, 3, 0, 14, 5, 0, 0, 0, 0, 0, 0, 0, 0, 0, 0),
(105, 11, '2021_8', 13, 0, 37, 0, 11, 0, 37, 0, 0, 0, 0, 0, 37, 0, 0, 0, 0, 0, 0, 0, 0, 0, 0, 0, 0, 0),
(106, 11, '2022_8', 46, 0, 489, 0, 0, 0, 294, 0, 0, 0, 0, 0, 90, 0, 0, 0, 23, 0, 231, 0, 0, 0, 0, 0, 0, 0),
(107, 9, '2021_8', 54, 0, 266, 0, 704, 0, 38, 0, 0, 0, 0, 0, 29, 0, 28, 0, 0, 0, 0, 0, 1, 0, 5, 0, 25, 0),
(108, 9, '2022_8', 54, 0, 259, 0, 806, 0, 51, 0, 0, 0, 0, 0, 43, 0, 93, 0, 1, 0, 22, 18, 1, 0, 5, 0, 38, 0),
(109, 7, '2021_8', 225, 54, 449, 65, 22, 0, 419, 62, 0, 0, 0, 0, 306, 62, 72, 20, 1, 1, 6, 6, 1, 0, 5, 0, 34, 0),
(110, 7, '2022_8', 262, 80, 486, 131, 103, 0, 455, 124, 0, 0, 0, 0, 381, 94, 90, 31, 1, 0, 5, 0, 1, 0, 5, 0, 30, 0),
(111, 4, '2021_8', 488, 484, 1410, 1376, 1315, 1315, 57, 57, 0, 0, 0, 0, 0, 0, 8, 8, 16, 16, 418, 418, 5, 5, 9, 9, 10, 10),
(112, 4, '2022_8', 488, 488, 1409, 1409, 1323, 1323, 46, 46, 0, 0, 0, 0, 0, 0, 3, 3, 16, 16, 395, 395, 5, 5, 9, 9, 10, 10),
(113, 10, '2021_8', 31, 9, 108, 13, 144, 2, 97, 13, 0, 0, 0, 0, 97, 13, 29, 12, 1, 1, 18, 18, 3, 0, 3, 0, 18, 0),
(114, 10, '2022_8', 32, 7, 116, 70, 62, 0, 67, 7, 0, 0, 0, 0, 67, 7, 19, 7, 4, 4, 63, 63, 1, 0, 3, 0, 5, 0),
(115, 6, '2021_8', 0, 0, 0, 0, 0, 0, 0, 0, 0, 0, 0, 0, 0, 0, 0, 0, 0, 0, 0, 0, 0, 0, 0, 0, 0, 0),
(116, 6, '2022_8', 13, 0, 37, 0, 64, 0, 0, 0, 0, 0, 0, 0, 0, 0, 0, 0, 0, 0, 0, 0, 0, 0, 0, 0, 0, 0),
(117, 12, '2021_8', 25, 7, 88, 10, 85, 11, 87, 10, 0, 0, 0, 0, 85, 10, 2, 0, 0, 0, 0, 0, 0, 0, 0, 0, 0, 0),
(118, 12, '2022_8', 39, 6, 117, 9, 8, 0, 55, 9, 0, 0, 0, 0, 53, 6, 5, 0, 0, 0, 0, 0, 0, 0, 0, 0, 0, 0),
(119, 5, '2021_8', 37, 33, 51, 30, 67, 37, 0, 0, 0, 0, 0, 0, 37, 37, 17, 13, 0, 0, 0, 0, 0, 0, 0, 0, 0, 0),
(120, 5, '2022_8', 41, 18, 324, 141, 472, 271, 0, 0, 0, 0, 0, 0, 324, 161, 12, 7, 6, 4, 111, 62, 0, 0, 0, 0, 0, 0),
(121, 9, '2021_9', 55, 0, 298, 0, 815, 0, 41, 0, 0, 0, 0, 0, 30, 0, 33, 0, 0, 0, 0, 0, 1, 0, 5, 0, 25, 0),
(122, 9, '2022_9', 61, 0, 277, 0, 840, 0, 55, 0, 0, 0, 0, 0, 43, 0, 101, 0, 1, 0, 22, 0, 1, 0, 5, 0, 38, 0),
(123, 5, '2021_9', 39, 18, 344, 98, 446, 132, 0, 0, 0, 0, 0, 0, 294, 98, 72, 65, 0, 0, 0, 0, 0, 0, 0, 0, 0, 0),
(124, 5, '2022_9', 41, 18, 366, 164, 647, 277, 0, 0, 0, 0, 0, 0, 334, 216, 12, 7, 9, 4, 141, 62, 0, 0, 0, 0, 0, 0),
(125, 11, '2021_9', 20, 0, 49, 0, 11, 0, 49, 0, 0, 0, 0, 0, 52, 0, 0, 0, 0, 0, 0, 0, 0, 0, 0, 0, 0, 0),
(126, 11, '2022_9', 48, 0, 612, 0, 0, 0, 395, 0, 0, 0, 0, 0, 97, 0, 0, 0, 32, 0, 321, 0, 0, 0, 0, 0, 0, 0),
(127, 14, '2021_9', 38, 20, 73, 48, 7, 5, 66, 42, 0, 0, 0, 0, 17, 0, 19, 17, 3, 3, 17, 17, 0, 0, 0, 0, 0, 0),
(128, 14, '2022_9', 18, 4, 38, 8, 0, 0, 31, 8, 0, 0, 0, 0, 3, 0, 14, 5, 0, 0, 0, 0, 0, 0, 0, 0, 0, 0),
(129, 8, '2021_9', 116, 3, 557, 8, 521, 7, 126, 22, 0, 0, 0, 0, 115, 20, 8, 1, 4, 0, 12, 0, 1, 0, 6, 0, 10, 0),
(130, 8, '2022_9', 115, 3, 635, 15, 523, 7, 257, 11, 0, 0, 0, 0, 205, 11, 10, 0, 0, 0, 0, 0, 1, 0, 6, 0, 38, 0),
(131, 12, '2021_9', 26, 7, 98, 10, 85, 11, 91, 10, 0, 0, 0, 0, 89, 10, 2, 0, 0, 0, 0, 0, 0, 0, 0, 0, 0, 0),
(132, 12, '2022_9', 44, 8, 127, 12, 8, 0, 60, 12, 0, 0, 0, 0, 58, 8, 5, 0, 0, 0, 0, 0, 0, 0, 0, 0, 0, 0),
(133, 6, '2021_9', 0, 0, 0, 0, 0, 0, 0, 0, 0, 0, 0, 0, 0, 0, 0, 0, 0, 0, 0, 0, 0, 0, 0, 0, 0, 0),
(134, 6, '2022_9', 13, 0, 41, 0, 69, 0, 0, 0, 0, 0, 0, 0, 0, 0, 0, 0, 0, 0, 0, 0, 0, 0, 0, 0, 0, 0),
(135, 7, '2021_9', 242, 56, 492, 74, 36, 0, 449, 65, 0, 0, 0, 0, 336, 65, 79, 21, 2, 1, 11, 6, 1, 0, 5, 0, 34, 0),
(136, 7, '2022_9', 292, 92, 533, 147, 103, 0, 498, 140, 0, 0, 0, 0, 415, 105, 99, 36, 1, 0, 5, 0, 1, 0, 5, 0, 30, 0),
(137, 10, '2021_9', 32, 9, 137, 33, 144, 2, 97, 13, 0, 0, 0, 0, 97, 13, 29, 12, 3, 1, 38, 38, 3, 0, 3, 0, 18, 0),
(138, 10, '2022_9', 35, 7, 131, 70, 98, 0, 69, 7, 0, 0, 0, 0, 69, 7, 19, 7, 4, 4, 63, 63, 1, 0, 1, 0, 5, 0),
(139, 3, '2021_9', 851, 0, 2572, 0, 4381, 0, 1058, 0, 1, 0, 36, 0, 1024, 0, 183, 0, 42, 0, 669, 0, 8, 0, 39, 0, 132, 0),
(140, 3, '2022_9', 854, 0, 2620, 0, 8475, 0, 1222, 0, 0, 0, 39, 0, 1025, 0, 204, 0, 25, 0, 657, 0, 11, 0, 43, 0, 82, 0),
(141, 4, '2021_9', 549, 545, 1563, 1532, 1407, 1407, 79, 13, 0, 0, 0, 0, 0, 0, 10, 14, 19, 16, 413, 413, 6, 6, 12, 12, 48, 48),
(142, 4, '2022_9', 551, 547, 1561, 1561, 1407, 1407, 87, 87, 0, 0, 0, 0, 0, 0, 3, 3, 18, 18, 453, 453, 6, 6, 12, 12, 48, 48),
(143, 13, '2021_9', 15, 0, 51, 0, 51, 0, 2, 0, 0, 0, 0, 0, 0, 0, 0, 0, 0, 0, 0, 0, 0, 0, 0, 0, 0, 0),
(144, 13, '2022_9', 0, 0, 28, 0, 33, 0, 10, 0, 0, 0, 0, 0, 0, 0, 0, 0, 2, 0, 12, 0, 0, 0, 0, 0, 0, 0),
(145, 11, '2021_10', 23, 0, 53, 0, 11, 0, 53, 0, 0, 0, 0, 0, 52, 0, 0, 0, 0, 0, 0, 0, 0, 0, 0, 0, 0, 0),
(146, 11, '2022_10', 68, 0, 762, 0, 0, 0, 503, 0, 0, 0, 0, 0, 125, 0, 0, 0, 40, 0, 401, 0, 0, 0, 0, 0, 0, 0),
(147, 12, '2021_10', 38, 8, 128, 11, 87, 11, 110, 11, 0, 0, 0, 0, 108, 11, 2, 0, 1, 0, 11, 0, 0, 0, 0, 0, 0, 0),
(148, 12, '2022_10', 48, 12, 165, 16, 8, 0, 67, 14, 0, 0, 0, 0, 67, 12, 6, 0, 0, 0, 0, 0, 0, 0, 0, 0, 0, 0),
(149, 14, '2021_10', 42, 22, 78, 50, 7, 5, 71, 44, 0, 0, 0, 0, 17, 0, 24, 19, 3, 3, 17, 17, 0, 0, 0, 0, 0, 0),
(150, 14, '2022_10', 20, 4, 42, 9, 0, 0, 31, 8, 0, 0, 0, 0, 3, 0, 14, 5, 0, 0, 0, 0, 0, 0, 0, 0, 0, 0),
(151, 6, '2021_10', 0, 0, 0, 0, 0, 0, 0, 0, 0, 0, 0, 0, 0, 0, 0, 0, 0, 0, 0, 0, 0, 0, 0, 0, 0, 0),
(152, 6, '2022_10', 13, 0, 45, 0, 75, 0, 0, 0, 0, 0, 0, 0, 0, 0, 0, 0, 0, 0, 0, 0, 0, 0, 0, 0, 0, 0),
(153, 7, '2021_10', 257, 60, 507, 78, 36, 0, 474, 71, 0, 0, 0, 0, 359, 70, 85, 23, 2, 1, 11, 6, 1, 0, 5, 0, 34, 0),
(154, 7, '2022_10', 312, 98, 577, 164, 130, 0, 538, 158, 0, 0, 0, 0, 447, 120, 106, 41, 2, 1, 15, 10, 1, 0, 5, 0, 30, 0),
(155, 8, '2021_10', 120, 3, 590, 8, 580, 7, 132, 22, 0, 0, 0, 0, 121, 20, 8, 1, 5, 0, 15, 0, 1, 0, 6, 0, 10, 0),
(156, 8, '2022_10', 119, 3, 661, 16, 549, 8, 263, 11, 0, 0, 0, 0, 211, 11, 10, 0, 0, 0, 0, 0, 1, 0, 6, 0, 34, 0),
(157, 3, '2021_10', 946, 0, 2811, 0, 4813, 0, 1146, 0, 1, 0, 40, 0, 1110, 0, 205, 0, 45, 0, 781, 0, 9, 0, 41, 0, 142, 0),
(158, 3, '2022_10', 948, 0, 2888, 0, 8900, 0, 1309, 0, 0, 0, 41, 0, 1111, 0, 221, 0, 28, 0, 718, 0, 12, 0, 47, 0, 87, 0),
(159, 13, '2021_10', 16, 0, 58, 0, 68, 0, 4, 0, 0, 0, 0, 0, 0, 0, 0, 0, 0, 0, 0, 0, 0, 0, 0, 0, 0, 0),
(160, 13, '2022_10', 0, 0, 28, 0, 33, 0, 10, 0, 0, 0, 0, 0, 0, 0, 0, 0, 2, 0, 0, 0, 0, 0, 0, 0, 0, 0),
(161, 9, '2021_10', 56, 0, 311, 0, 871, 0, 44, 0, 0, 0, 0, 0, 35, 0, 37, 0, 0, 0, 0, 0, 1, 0, 5, 0, 25, 0),
(162, 9, '2022_10', 62, 0, 293, 0, 880, 0, 58, 0, 0, 0, 0, 0, 44, 0, 101, 0, 1, 0, 22, 0, 1, 0, 5, 0, 38, 0),
(163, 5, '2021_10', 46, 25, 381, 109, 486, 143, 0, 0, 0, 0, 0, 0, 329, 109, 78, 68, 2, 2, 31, 5, 0, 0, 0, 0, 0, 0),
(164, 5, '2022_10', 47, 31, 386, 115, 680, 310, 0, 0, 0, 0, 0, 0, 362, 310, 12, 7, 9, 4, 141, 62, 0, 0, 0, 0, 0, 0),
(165, 4, '2021_10', 574, 570, 1608, 1577, 1440, 1440, 97, 97, 0, 0, 0, 0, 0, 0, 10, 10, 17, 17, 440, 440, 7, 7, 15, 15, 56, 56),
(166, 4, '2022_10', 579, 579, 1620, 1620, 1468, 1468, 88, 88, 0, 0, 0, 0, 0, 0, 3, 3, 18, 18, 453, 453, 7, 7, 15, 15, 56, 56),
(167, 10, '2021_10', 33, 9, 141, 33, 150, 2, 101, 13, 0, 0, 0, 0, 101, 13, 30, 12, 3, 3, 38, 38, 3, 0, 3, 0, 18, 0),
(168, 10, '2022_10', 41, 7, 157, 70, 109, 0, 75, 7, 0, 0, 0, 0, 75, 7, 19, 7, 4, 4, 63, 63, 1, 0, 1, 0, 5, 0),
(169, 9, '2021_11', 58, 0, 336, 0, 921, 0, 47, 0, 0, 0, 0, 0, 38, 0, 44, 0, 0, 0, 0, 0, 1, 0, 5, 0, 25, 0),
(170, 9, '2022_11', 65, 0, 312, 0, 990, 0, 58, 0, 0, 0, 0, 0, 45, 0, 106, 0, 1, 0, 22, 0, 1, 0, 5, 0, 38, 0),
(171, 4, '2021_11', 592, 588, 1721, 1690, 1553, 1553, 97, 97, 0, 0, 0, 0, 0, 0, 10, 10, 17, 17, 440, 440, 7, 7, 15, 15, 56, 56),
(172, 4, '2022_11', 637, 637, 2069, 2069, 1591, 1591, 88, 88, 0, 0, 0, 0, 0, 0, 4, 4, 29, 29, 843, 843, 7, 7, 15, 15, 56, 56),
(173, 11, '2021_11', 25, 0, 56, 0, 11, 0, 56, 0, 0, 0, 0, 0, 55, 0, 0, 0, 0, 0, 0, 0, 0, 0, 0, 0, 0, 0),
(174, 11, '2022_11', 71, 0, 870, 0, 0, 0, 591, 0, 0, 0, 0, 0, 133, 0, 0, 0, 49, 0, 491, 0, 0, 0, 0, 0, 0, 0),
(175, 8, '2021_11', 125, 3, 661, 8, 625, 7, 150, 22, 0, 0, 0, 0, 153, 20, 9, 1, 5, 0, 15, 0, 1, 0, 6, 0, 10, 0),
(176, 8, '2022_11', 125, 4, 729, 16, 599, 8, 288, 11, 0, 0, 0, 0, 236, 11, 13, 1, 0, 0, 0, 0, 1, 0, 6, 0, 36, 0),
(177, 6, '2021_11', 0, 0, 0, 0, 0, 0, 0, 0, 0, 0, 0, 0, 0, 0, 0, 0, 0, 0, 0, 0, 0, 0, 0, 0, 0, 0),
(178, 6, '2022_11', 13, 0, 45, 0, 75, 0, 0, 0, 0, 0, 0, 0, 0, 0, 0, 0, 0, 0, 0, 0, 0, 0, 0, 0, 0, 0),
(179, 14, '2021_11', 42, 22, 78, 50, 7, 5, 71, 44, 0, 0, 0, 0, 17, 0, 24, 19, 3, 3, 17, 17, 0, 0, 0, 0, 0, 0),
(180, 14, '2022_11', 20, 4, 51, 11, 0, 0, 36, 8, 0, 0, 0, 0, 8, 0, 14, 5, 1, 0, 5, 0, 0, 0, 0, 0, 0, 0),
(181, 5, '2021_11', 47, 25, 391, 114, 516, 148, 0, 0, 0, 0, 0, 0, 337, 114, 83, 71, 3, 2, 57, 71, 0, 0, 0, 0, 0, 0),
(182, 5, '2022_11', 47, 31, 394, 116, 686, 314, 0, 0, 0, 0, 0, 0, 345, 314, 12, 7, 9, 4, 141, 62, 0, 0, 0, 0, 0, 0),
(183, 12, '2021_11', 43, 11, 212, 14, 89, 11, 140, 14, 0, 0, 0, 0, 138, 14, 2, 0, 1, 0, 11, 0, 0, 0, 0, 0, 0, 0),
(184, 12, '2022_11', 52, 12, 199, 35, 8, 0, 78, 24, 0, 0, 0, 0, 78, 24, 7, 0, 0, 0, 0, 0, 0, 0, 0, 0, 0, 0),
(185, 7, '2021_11', 271, 64, 537, 79, 56, 0, 503, 78, 0, 0, 0, 0, 384, 74, 87, 24, 2, 1, 11, 6, 1, 0, 5, 0, 34, 0),
(186, 7, '2022_11', 318, 99, 597, 168, 139, 0, 554, 168, 0, 0, 0, 0, 461, 122, 108, 41, 2, 1, 15, 10, 1, 0, 5, 0, 30, 0),
(187, 3, '2021_11', 1010, 0, 3082, 0, 5163, 0, 1222, 0, 1, 0, 43, 0, 1182, 0, 233, 0, 48, 0, 1054, 0, 10, 0, 41, 0, 144, 0),
(188, 3, '2022_11', 1012, 0, 3137, 0, 9279, 0, 1382, 0, 0, 0, 47, 0, 1184, 0, 239, 0, 31, 0, 785, 0, 13, 0, 51, 0, 93, 0),
(189, 10, '2021_11', 34, 9, 149, 33, 160, 2, 109, 13, 0, 0, 0, 0, 109, 13, 30, 12, 3, 1, 38, 38, 3, 0, 3, 0, 18, 0),
(190, 10, '2022_11', 44, 7, 165, 70, 109, 0, 78, 7, 0, 0, 0, 0, 78, 7, 19, 7, 4, 4, 63, 63, 1, 0, 1, 0, 5, 0),
(191, 13, '2021_11', 16, 0, 60, 0, 70, 0, 5, 0, 0, 0, 0, 0, 0, 0, 0, 0, 0, 0, 0, 0, 0, 0, 0, 0, 0, 0),
(192, 13, '2022_11', 0, 0, 29, 0, 35, 0, 10, 0, 0, 0, 0, 0, 0, 0, 0, 0, 2, 0, 0, 0, 0, 0, 0, 0, 0, 0),
(193, 3, '2021_12', 1105, 0, 3297, 0, 5863, 0, 1288, 0, 1, 0, 47, 0, 1247, 0, 272, 0, 50, 0, 1062, 0, 11, 0, 43, 0, 151, 0),
(194, 3, '2022_12', 1106, 0, 3331, 0, 9432, 0, 1446, 0, 0, 0, 49, 0, 1248, 0, 273, 0, 38, 0, 998, 0, 13, 0, 51, 0, 93, 0),
(195, 14, '2022_1', 4, 1, 4, 1, 0, 0, 4, 1, 0, 0, 0, 0, 1, 0, 2, 0, 0, 0, 0, 0, 0, 0, 0, 0, 0, 0),
(196, 14, '2023_1', 0, 0, 0, 0, 0, 0, 0, 0, 0, 0, 0, 0, 0, 0, 0, 0, 0, 0, 0, 0, 0, 0, 0, 0, 0, 0),
(197, 4, '2022_1', 71, 71, 83, 83, 78, 78, 10, 10, 0, 0, 0, 0, 0, 0, 0, 0, 0, 0, 0, 0, 0, 0, 0, 0, 0, 0),
(198, 4, '2023_1', 77, 77, 87, 87, 79, 79, 16, 16, 0, 0, 0, 0, 0, 0, 0, 0, 0, 0, 0, 0, 1, 0, 3, 0, 8, 0),
(199, 9, '2022_1', 21, 0, 37, 0, 106, 0, 6, 0, 0, 0, 0, 0, 2, 0, 12, 0, 0, 0, 0, 0, 0, 0, 0, 0, 0, 0),
(200, 9, '2023_1', 4, 0, 18, 0, 48, 0, 8, 0, 0, 0, 0, 0, 8, 0, 9, 0, 0, 0, 0, 0, 0, 0, 0, 0, 0, 0),
(201, 11, '2022_1', 5, 0, 16, 0, 0, 0, 8, 0, 0, 0, 0, 0, 6, 0, 0, 0, 0, 0, 0, 0, 0, 0, 0, 0, 0, 0),
(202, 11, '2023_1', 7, 0, 82, 0, 0, 0, 82, 0, 0, 0, 0, 0, 12, 0, 0, 0, 6, 0, 60, 0, 0, 0, 0, 0, 0, 0),
(203, 6, '2022_1', 0, 0, 0, 0, 0, 0, 0, 0, 0, 0, 0, 0, 0, 0, 0, 0, 0, 0, 0, 0, 0, 0, 0, 0, 0, 0),
(204, 6, '2023_1', 2, 0, 5, 0, 6, 0, 0, 0, 0, 0, 2, 0, 0, 0, 0, 0, 0, 0, 0, 0, 0, 0, 0, 0, 0, 0),
(205, 13, '2022_1', 0, 0, 0, 0, 0, 0, 0, 0, 0, 0, 0, 0, 0, 0, 0, 0, 0, 0, 0, 0, 0, 0, 0, 0, 0, 0),
(206, 13, '2023_1', 0, 0, 0, 0, 0, 0, 0, 0, 0, 0, 0, 0, 0, 0, 0, 0, 0, 0, 0, 0, 0, 0, 0, 0, 0, 0),
(207, 12, '2022_1', 8, 1, 16, 1, 0, 0, 8, 0, 0, 0, 0, 0, 8, 1, 0, 0, 0, 0, 0, 0, 0, 0, 0, 0, 0, 0),
(208, 12, '2023_1', 7, 2, 16, 4, 0, 0, 12, 0, 0, 0, 0, 0, 11, 1, 0, 0, 0, 0, 0, 0, 0, 0, 0, 0, 0, 0),
(209, 7, '2022_1', 0, 0, 0, 0, 0, 0, 0, 0, 0, 0, 0, 0, 0, 0, 0, 0, 0, 0, 0, 0, 0, 0, 0, 0, 0, 0),
(210, 7, '2023_1', 0, 0, 0, 0, 0, 0, 0, 0, 0, 0, 0, 0, 0, 0, 0, 0, 0, 0, 0, 0, 0, 0, 0, 0, 0, 0),
(211, 5, '2022_1', 25, 10, 76, 37, 87, 53, 0, 0, 0, 0, 0, 0, 54, 39, 7, 3, 0, 0, 0, 0, 0, 0, 0, 0, 0, 0),
(212, 5, '2023_1', 22, 0, 27, 0, 36, 0, 27, 0, 0, 0, 0, 0, 36, 0, 1, 0, 0, 0, 0, 0, 0, 0, 0, 0, 0, 0),
(213, 8, '2022_1', 18, 2, 39, 2, 22, 2, 0, 0, 0, 0, 0, 0, 0, 0, 0, 0, 0, 0, 0, 0, 0, 0, 0, 0, 0, 0),
(214, 8, '2023_1', 22, 2, 39, 2, 45, 2, 38, 2, 0, 0, 0, 0, 38, 2, 0, 0, 0, 0, 0, 0, 0, 0, 0, 0, 0, 0),
(215, 10, '2022_1', 7, 0, 8, 0, 12, 0, 8, 0, 0, 0, 0, 0, 8, 0, 2, 0, 0, 0, 0, 0, 0, 0, 0, 0, 0, 0),
(216, 10, '2023_1', 10, 5, 26, 13, 19, 0, 26, 13, 0, 0, 0, 0, 26, 13, 0, 0, 0, 0, 0, 0, 0, 0, 0, 0, 0, 0),
(217, 3, '2022_1', 188, 0, 340, 0, 2070, 0, 133, 0, 0, 0, 3, 0, 91, 0, 22, 0, 5, 0, 44, 0, 1, 0, 2, 0, 11, 0),
(218, 3, '2023_1', 196, 0, 346, 0, 1972, 0, 137, 0, 0, 0, 4, 0, 100, 0, 24, 0, 0, 0, 0, 0, 1, 0, 3, 0, 6, 0),
(219, 11, '2022_2', 5, 0, 16, 0, 0, 0, 8, 0, 0, 0, 0, 0, 6, 0, 0, 0, 0, 0, 0, 0, 0, 0, 0, 0, 0, 0),
(220, 11, '2023_2', 11, 0, 173, 0, 0, 0, 156, 0, 0, 0, 0, 0, 16, 0, 0, 0, 14, 0, 140, 0, 0, 0, 0, 0, 0, 0),
(221, 8, '2022_2', 18, 2, 39, 2, 22, 2, 0, 0, 0, 0, 0, 0, 0, 0, 0, 0, 0, 0, 0, 0, 0, 0, 0, 0, 0, 0),
(222, 8, '2023_2', 61, 6, 103, 2, 112, 0, 68, 3, 0, 0, 0, 0, 65, 0, 6, 0, 3, 3, 59, 53, 0, 0, 0, 0, 0, 0),
(223, 4, '2022_2', 106, 102, 395, 395, 113, 113, 10, 10, 0, 0, 0, 0, 0, 0, 0, 0, 7, 7, 276, 276, 1, 1, 3, 3, 8, 8),
(224, 4, '2023_2', 126, 126, 367, 367, 135, 135, 31, 31, 0, 0, 0, 0, 0, 0, 0, 0, 9, 9, 235, 235, 2, 2, 5, 5, 16, 16),
(225, 13, '2022_2', 0, 0, 0, 0, 0, 0, 1, 0, 0, 0, 0, 0, 0, 0, 0, 0, 0, 0, 0, 0, 0, 0, 0, 0, 0, 0),
(226, 13, '2023_2', 0, 0, 0, 0, 0, 0, 2, 0, 0, 0, 0, 0, 0, 0, 0, 0, 0, 0, 0, 0, 0, 0, 0, 0, 0, 0),
(227, 10, '2022_2', 10, 0, 17, 0, 19, 0, 17, 0, 0, 0, 0, 0, 17, 0, 4, 0, 0, 0, 0, 0, 0, 0, 0, 0, 0, 0),
(228, 10, '2023_2', 19, 6, 39, 14, 24, 0, 19, 6, 0, 0, 0, 0, 19, 6, 0, 0, 0, 0, 0, 0, 0, 0, 0, 0, 0, 0),
(229, 12, '2022_2', 19, 1, 43, 1, 3, 0, 22, 1, 0, 0, 0, 0, 22, 1, 1, 0, 0, 0, 0, 0, 0, 0, 0, 0, 0, 0),
(230, 12, '2023_2', 15, 3, 70, 8, 0, 0, 27, 2, 0, 0, 0, 0, 26, 2, 4, 0, 0, 0, 0, 0, 0, 0, 0, 0, 0, 0),
(231, 6, '2022_2', 0, 0, 0, 0, 0, 0, 0, 0, 0, 0, 0, 0, 0, 0, 0, 0, 0, 0, 0, 0, 0, 0, 0, 0, 0, 0),
(232, 6, '2023_2', 2, 0, 7, 0, 9, 0, 0, 0, 0, 0, 0, 0, 0, 0, 0, 0, 0, 0, 0, 0, 0, 0, 0, 0, 0, 0),
(233, 7, '2022_2', 70, 24, 74, 26, 19, 0, 60, 24, 0, 0, 0, 0, 58, 23, 18, 5, 0, 0, 0, 0, 0, 0, 0, 0, 0, 0),
(234, 7, '2023_2', 40, 22, 40, 22, 0, 0, 40, 22, 0, 0, 0, 0, 31, 15, 10, 6, 0, 0, 0, 0, 0, 0, 0, 0, 0, 0),
(235, 4, '2022_3', 106, 102, 395, 395, 113, 113, 10, 10, 0, 10, 0, 0, 0, 0, 0, 0, 7, 7, 276, 276, 1, 1, 3, 3, 8, 8),
(236, 4, '2023_3', 326, 326, 771, 771, 612, 612, 48, 48, 0, 0, 0, 0, 0, 0, 0, 0, 10, 10, 265, 265, 3, 3, 6, 6, 24, 24),
(237, 8, '2022_3', 18, 2, 39, 2, 22, 2, 0, 0, 0, 0, 0, 0, 0, 0, 0, 0, 0, 0, 0, 0, 0, 0, 0, 0, 0, 0),
(238, 8, '2023_3', 67, 2, 161, 23, 147, 2, 122, 24, 0, 0, 0, 0, 98, 2, 0, 0, 3, 3, 59, 48, 1, 1, 3, 3, 7, 7),
(239, 6, '2022_3', 0, 0, 0, 0, 0, 0, 0, 0, 0, 0, 0, 0, 0, 0, 0, 0, 0, 0, 0, 0, 0, 0, 0, 0, 0, 0),
(240, 6, '2023_3', 2, 0, 12, 0, 20, 0, 0, 0, 0, 0, 1, 0, 0, 0, 0, 0, 0, 0, 0, 0, 0, 0, 0, 0, 0, 0),
(241, 13, '2022_3', 0, 0, 0, 0, 0, 0, 1, 0, 0, 0, 0, 0, 0, 0, 0, 0, 0, 0, 0, 0, 0, 0, 0, 0, 0, 0),
(242, 13, '2023_3', 0, 0, 0, 0, 0, 0, 0, 0, 0, 0, 0, 0, 0, 0, 0, 0, 0, 0, 0, 0, 0, 0, 0, 0, 0, 0),
(243, 7, '2022_3', 123, 38, 144, 50, 33, 0, 122, 47, 0, 0, 0, 0, 113, 34, 43, 12, 0, 0, 0, 0, 0, 0, 0, 0, 0, 0),
(244, 7, '2023_3', 74, 38, 74, 38, 40, 0, 65, 34, 0, 0, 0, 0, 49, 22, 15, 9, 0, 0, 0, 0, 0, 0, 0, 0, 0, 0),
(245, 11, '2023_4', 20, 0, 276, 0, 0, 0, 246, 0, 0, 0, 0, 0, 26, 0, 0, 0, 22, 0, 220, 0, 0, 0, 0, 0, 0, 0),
(246, 9, '2023_4', 34, 0, 119, 0, 108, 0, 52, 0, 0, 0, 0, 0, 17, 0, 30, 0, 0, 0, 0, 0, 0, 0, 0, 0, 0, 0),
(247, 8, '2023_4', 71, 2, 235, 115, 183, 2, 141, 24, 0, 0, 0, 0, 117, 2, 7, 0, 5, 5, 108, 92, 1, 1, 3, 3, 7, 7),
(248, 13, '2023_4', 4, 0, 7, 0, 13, 0, 2, 0, 0, 0, 0, 0, 0, 0, 0, 0, 2, 0, 23, 0, 0, 0, 0, 0, 0, 0),
(249, 12, '2023_4', 15, 3, 70, 8, 0, 2, 27, 0, 0, 0, 0, 2, 26, 0, 4, 0, 0, 0, 0, 0, 0, 0, 0, 0, 0, 0),
(250, 7, '2023_4', 99, 48, 99, 49, 50, 0, 86, 45, 0, 0, 0, 0, 68, 28, 18, 11, 0, 0, 0, 0, 0, 0, 0, 0, 0, 0),
(251, 6, '2023_4', 2, 0, 31, 0, 50, 0, 0, 0, 0, 0, 0, 0, 0, 0, 0, 0, 0, 0, 0, 0, 0, 0, 0, 0, 0, 0),
(252, 4, '2023_4', 411, 411, 1167, 1167, 1229, 1229, 63, 63, 0, 0, 0, 0, 0, 0, 1, 1, 12, 12, 317, 317, 3, 3, 6, 6, 24, 24),
(253, 10, '2023_4', 33, 8, 80, 18, 26, 0, 41, 10, 0, 0, 0, 0, 41, 10, 1, 0, 0, 0, 0, 0, 0, 0, 0, 0, 0, 0),
(254, 14, '2023_4', 0, 0, 0, 0, 0, 0, 0, 0, 0, 0, 0, 0, 0, 0, 0, 0, 0, 0, 0, 0, 0, 0, 0, 0, 0, 0),
(255, 5, '2023_4', 39, 3, 85, 10, 204, 0, 0, 0, 0, 0, 0, 0, 183, 43, 12, 0, 4, 3, 74, 41, 0, 0, 0, 0, 0, 0),
(256, 3, '2023_4', 503, 0, 1362, 0, 6829, 0, 727, 0, 0, 0, 22, 0, 559, 0, 112, 0, 15, 0, 486, 0, 5, 0, 15, 0, 27, 0),
(257, 6, '2023_5', 3, 0, 24, 0, 24, 0, 0, 0, 0, 0, 0, 0, 0, 0, 0, 0, 0, 0, 0, 0, 0, 0, 0, 0, 0, 0),
(258, 8, '2023_5', 72, 2, 256, 115, 230, 2, 173, 24, 0, 0, 0, 0, 149, 2, 7, 0, 5, 5, 108, 92, 1, 1, 3, 3, 7, 7),
(259, 5, '2023_5', 53, 2, 187, 5, 232, 0, 1, 0, 0, 0, 0, 0, 1, 1, 12, 7, 5, 0, 88, 0, 0, 0, 0, 0, 0, 0),
(260, 9, '2023_5', 44, 0, 152, 0, 170, 0, 79, 0, 0, 0, 0, 0, 43, 0, 41, 0, 0, 0, 0, 0, 1, 0, 4, 0, 24, 0),
(261, 4, '2023_5', 424, 424, 1213, 1213, 1255, 1255, 88, 88, 0, 0, 0, 0, 0, 0, 1, 1, 13, 13, 347, 347, 6, 6, 14, 14, 48, 48),
(262, 11, '2023_5', 59, 0, 509, 0, 0, 0, 409, 0, 0, 0, 0, 0, 108, 0, 0, 0, 30, 0, 300, 0, 0, 0, 0, 0, 0, 0),
(263, 10, '2023_5', 39, 14, 92, 24, 26, 0, 47, 16, 0, 0, 0, 0, 47, 16, 2, 0, 0, 0, 0, 0, 0, 0, 0, 0, 0, 0),
(264, 13, '2023_5', 5, 0, 8, 0, 15, 0, 5, 0, 0, 0, 0, 0, 0, 0, 0, 0, 2, 0, 23, 0, 0, 0, 0, 0, 0, 0),
(265, 7, '2023_5', 183, 94, 184, 94, 64, 0, 166, 86, 0, 0, 0, 0, 138, 70, 44, 30, 0, 0, 0, 0, 0, 0, 0, 0, 0, 0),
(266, 14, '2023_5', 0, 0, 3, 3, 0, 0, 3, 3, 0, 0, 0, 0, 0, 0, 2, 0, 0, 0, 0, 0, 0, 0, 0, 0, 0, 0),
(267, 3, '2023_5', 580, 0, 1602, 0, 7164, 0, 868, 0, 0, 0, 24, 0, 679, 0, 142, 0, 18, 0, 528, 0, 5, 0, 15, 0, 32, 0),
(268, 3, '2023_6', 640, 0, 1799, 0, 7766, 0, 944, 0, 0, 0, 33, 0, 748, 0, 165, 0, 20, 0, 562, 0, 5, 0, 15, 0, 33, 0),
(269, 4, '2023_6', 449, 449, 1400, 1400, 1285, 1285, 98, 98, 0, 0, 0, 0, 0, 0, 2, 2, 16, 16, 424, 424, 6, 6, 14, 14, 48, 48),
(270, 9, '2023_6', 47, 0, 261, 0, 279, 0, 163, 0, 0, 0, 0, 0, 127, 0, 135, 0, 2, 2, 60, 60, 1, 0, 4, 0, 44, 0),
(271, 11, '2023_6', 74, 0, 708, 0, 0, 0, 548, 0, 0, 0, 0, 0, 157, 0, 0, 0, 39, 0, 390, 0, 0, 0, 0, 0, 0, 0),
(272, 5, '2023_6', 68, 0, 163, 0, 0, 0, 108, 0, 0, 0, 0, 0, 108, 0, 0, 0, 19, 0, 103, 0, 1, 0, 1, 0, 1, 0),
(273, 14, '2023_6', 4, 0, 10, 0, 0, 0, 2, 0, 0, 0, 0, 0, 7, 0, 5, 0, 0, 0, 0, 0, 0, 0, 0, 0, 0, 0),
(274, 8, '2023_6', 72, 2, 298, 140, 261, 2, 201, 24, 0, 0, 0, 0, 177, 2, 7, 0, 6, 6, 137, 117, 1, 1, 3, 3, 7, 7),
(275, 6, '2023_6', 7, 0, 42, 0, 55, 0, 0, 0, 0, 0, 0, 0, 0, 0, 0, 0, 0, 0, 0, 0, 0, 0, 0, 0, 0, 0),
(276, 7, '2023_6', 229, 96, 395, 116, 79, 0, 369, 108, 0, 0, 0, 0, 305, 92, 79, 45, 0, 0, 0, 0, 1, 0, 4, 0, 20, 0),
(277, 10, '2023_6', 53, 28, 120, 38, 30, 0, 61, 30, 0, 0, 0, 0, 61, 30, 4, 1, 0, 0, 0, 0, 0, 0, 0, 0, 0, 0),
(278, 13, '2023_6', 6, 0, 10, 0, 18, 0, 0, 0, 0, 0, 0, 0, 0, 0, 1, 0, 2, 0, 24, 0, 0, 0, 0, 0, 0, 0),
(279, 6, '2023_7', 7, 0, 46, 0, 60, 0, 0, 0, 0, 0, 0, 0, 0, 0, 0, 0, 0, 0, 0, 0, 0, 0, 0, 0, 0, 0),
(280, 9, '2023_7', 52, 0, 312, 0, 381, 0, 172, 0, 0, 0, 0, 0, 136, 0, 152, 0, 2, 2, 60, 60, 1, 0, 4, 0, 44, 0),
(281, 8, '2023_7', 94, 8, 366, 140, 340, 2, 229, 24, 0, 0, 0, 0, 205, 2, 7, 0, 6, 6, 137, 117, 1, 1, 3, 3, 7, 7),
(282, 3, '2023_7', 724, 0, 2068, 0, 8020, 0, 1106, 0, 0, 0, 33, 0, 910, 0, 190, 0, 20, 0, 562, 0, 5, 0, 15, 0, 33, 0),
(283, 4, '2023_7', 459, 459, 1410, 1410, 1295, 1295, 98, 98, 0, 0, 0, 0, 0, 0, 2, 2, 16, 16, 424, 424, 6, 6, 14, 14, 48, 48),
(284, 10, '2023_7', 55, 28, 124, 38, 26, 0, 63, 30, 0, 0, 0, 0, 63, 30, 2, 0, 0, 0, 0, 0, 0, 0, 0, 0, 0, 0),
(285, 11, '2023_7', 81, 1, 846, 2, 0, 0, 659, 2, 0, 0, 0, 0, 155, 2, 0, 0, 47, 0, 486, 0, 0, 0, 0, 0, 0, 0),
(286, 14, '2023_7', 4, 0, 16, 0, 0, 0, 10, 0, 0, 0, 0, 0, 12, 0, 12, 0, 0, 0, 0, 0, 0, 0, 0, 0, 0, 0),
(287, 7, '2023_7', 242, 102, 435, 127, 90, 0, 409, 118, 0, 0, 0, 0, 338, 99, 87, 49, 1, 0, 10, 0, 1, 0, 4, 0, 20, 0),
(288, 13, '2023_7', 6, 0, 13, 0, 21, 0, 2, 0, 0, 0, 0, 0, 0, 0, 4, 0, 2, 0, 24, 0, 0, 0, 0, 0, 0, 0),
(289, 5, '2023_7', 77, 0, 163, 0, 144, 0, 108, 0, 0, 0, 0, 0, 108, 0, 0, 0, 19, 0, 103, 0, 1, 0, 1, 0, 1, 0);

-- --------------------------------------------------------

--
-- Структура таблицы `otchet_cod_all`
--

CREATE TABLE `otchet_cod_all` (
  `id_otchets` int(11) NOT NULL,
  `id_user` int(11) NOT NULL,
  `date_otch` text NOT NULL,
  `number_users` int(11) NOT NULL DEFAULT 0,
  `number_users_kd` int(11) NOT NULL DEFAULT 0,
  `number_visits` int(11) NOT NULL DEFAULT 0,
  `number_visits_kd` int(11) NOT NULL DEFAULT 0,
  `number_book_publishing` int(11) NOT NULL DEFAULT 0,
  `number_book_publishing_kd` int(11) NOT NULL DEFAULT 0,
  `work_komp` int(11) NOT NULL DEFAULT 0,
  `work_komp_kd` int(11) NOT NULL DEFAULT 0,
  `garant` int(11) NOT NULL DEFAULT 0,
  `garant_kd` int(11) NOT NULL DEFAULT 0,
  `konsultant` int(11) NOT NULL DEFAULT 0,
  `konsultant_kd` int(11) NOT NULL DEFAULT 0,
  `ethernet` int(11) NOT NULL DEFAULT 0,
  `ethernet_kd` int(11) NOT NULL DEFAULT 0,
  `electronic_catalog` int(11) NOT NULL DEFAULT 0,
  `electronic_catalog_kd` int(11) NOT NULL DEFAULT 0,
  `activities_carried` int(11) NOT NULL DEFAULT 0,
  `activities_carried_kd` int(11) NOT NULL DEFAULT 0,
  `number_event_visits` int(11) NOT NULL DEFAULT 0,
  `number_event_visits_kd` int(11) NOT NULL DEFAULT 0,
  `computer_school` int(11) NOT NULL DEFAULT 0,
  `computer_school_kd` int(11) NOT NULL DEFAULT 0,
  `number_students` int(11) NOT NULL DEFAULT 0,
  `number_students_kd` int(11) NOT NULL DEFAULT 0,
  `number_classes` int(11) NOT NULL DEFAULT 0,
  `number_classes_kd` int(11) NOT NULL DEFAULT 0
) ENGINE=InnoDB DEFAULT CHARSET=utf8mb4;

--
-- Дамп данных таблицы `otchet_cod_all`
--

INSERT INTO `otchet_cod_all` (`id_otchets`, `id_user`, `date_otch`, `number_users`, `number_users_kd`, `number_visits`, `number_visits_kd`, `number_book_publishing`, `number_book_publishing_kd`, `work_komp`, `work_komp_kd`, `garant`, `garant_kd`, `konsultant`, `konsultant_kd`, `ethernet`, `ethernet_kd`, `electronic_catalog`, `electronic_catalog_kd`, `activities_carried`, `activities_carried_kd`, `number_event_visits`, `number_event_visits_kd`, `computer_school`, `computer_school_kd`, `number_students`, `number_students_kd`, `number_classes`, `number_classes_kd`) VALUES
(1, 3, '2021_4', 1302, 502, 3318, 1286, 4399, 1333, 962, 146, 0, 0, 18, 0, 955, 125, 219, 57, 42, 14, 847, 313, 11, 3, 34, 6, 111, 24),
(2, 3, '2022_4', 1299, 483, 3459, 1373, 6285, 1371, 1133, 110, 0, 0, 23, 0, 982, 133, 228, 32, 39, 19, 940, 448, 13, 3, 38, 6, 100, 24),
(3, 3, '2021_5', 1342, 501, 3665, 1299, 4651, 1259, 1211, 189, 0, 0, 18, 0, 970, 90, 218, 32, 43, 16, 865, 323, 13, 5, 41, 9, 163, 40),
(4, 3, '2022_5', 1442, 509, 3973, 1453, 9179, 1464, 1362, 138, 0, 0, 20, 0, 1053, 70, 250, 34, 40, 18, 954, 443, 17, 5, 53, 9, 141, 40),
(5, 3, '2021_6', 1449, 545, 4457, 1533, 5654, 1389, 1629, 266, 0, 0, 30, 0, 1113, 93, 290, 90, 49, 21, 1005, 459, 15, 5, 53, 9, 232, 40),
(6, 3, '2022_6', 1580, 555, 4773, 1695, 10046, 1507, 2002, 305, 0, 0, 32, 0, 1306, 102, 332, 52, 54, 22, 1116, 493, 18, 5, 59, 9, 184, 40),
(7, 3, '2021_6', 1449, 545, 4457, 1533, 5654, 1389, 1629, 266, 0, 0, 30, 0, 1113, 93, 290, 90, 49, 21, 1005, 459, 15, 5, 53, 9, 232, 40),
(8, 3, '2022_6', 1580, 555, 4773, 1695, 10046, 1507, 2002, 305, 0, 0, 32, 0, 1489, 102, 332, 52, 56, 22, 1128, 493, 18, 5, 59, 9, 184, 40),
(9, 3, '2021_6', 1449, 545, 4457, 1533, 5654, 1389, 1629, 266, 0, 0, 30, 0, 1113, 93, 290, 90, 49, 21, 1005, 459, 15, 5, 53, 9, 232, 40),
(10, 3, '2022_6', 1580, 555, 4775, 1695, 10046, 1507, 2002, 305, 0, 0, 32, 0, 1489, 102, 332, 52, 56, 22, 1128, 493, 18, 5, 59, 9, 184, 40),
(11, 3, '2021_6', 1449, 545, 4457, 1533, 5654, 1389, 1629, 266, 0, 0, 30, 0, 1113, 93, 290, 90, 49, 21, 1005, 459, 15, 5, 53, 9, 232, 40),
(12, 3, '2022_6', 1580, 555, 4775, 1695, 10046, 1507, 2002, 305, 0, 0, 32, 0, 1486, 102, 332, 52, 56, 22, 1128, 493, 18, 5, 59, 9, 184, 40),
(13, 3, '2021_7', 1629, 556, 4934, 1570, 6215, 1396, 1550, 200, 1, 21, 32, 0, 1580, 184, 301, 70, 52, 21, 1039, 459, 15, 5, 53, 9, 232, 40),
(14, 3, '2022_7', 1729, 576, 5447, 1737, 10575, 1567, 2075, 193, 0, 0, 32, 0, 1871, 274, 384, 50, 58, 23, 1227, 514, 20, 5, 69, 9, 222, 40),
(15, 3, '2021_8', 1796, 610, 5372, 1550, 6787, 1377, 1849, 206, 1, 0, 35, 0, 1614, 142, 339, 71, 60, 21, 1111, 459, 17, 5, 61, 9, 221, 10),
(16, 3, '2022_8', 1880, 606, 6145, 1779, 11290, 1596, 2359, 205, 0, 0, 37, 0, 2063, 279, 433, 53, 72, 24, 1332, 538, 20, 5, 71, 9, 199, 10),
(17, 3, '2021_9', 1419, 113, 4620, 271, 6446, 157, 1977, 152, 1, 0, 36, 0, 2054, 206, 425, 116, 54, 5, 747, 61, 14, 0, 58, 0, 219, 0),
(18, 3, '2022_9', 1520, 132, 5380, 416, 10763, 284, 2587, 178, 0, 0, 39, 0, 2249, 347, 464, 55, 68, 8, 1209, 125, 15, 0, 60, 0, 193, 0),
(19, 3, '2021_9', 1419, 113, 4620, 271, 6446, 157, 1977, 152, 1, 0, 36, 0, 2054, 206, 425, 116, 54, 5, 747, 61, 14, 0, 58, 0, 219, 0),
(20, 3, '2022_9', 1520, 132, 5380, 416, 10763, 284, 2587, 178, 0, 0, 39, 0, 2249, 347, 464, 55, 68, 8, 1209, 125, 15, 0, 60, 0, 193, 0),
(21, 3, '2021_9', 1968, 658, 6183, 1803, 7853, 1564, 2056, 165, 1, 0, 36, 0, 2054, 206, 435, 130, 73, 21, 1160, 474, 20, 6, 70, 12, 267, 48),
(22, 3, '2022_9', 2071, 679, 6941, 1977, 12170, 1691, 2674, 265, 0, 0, 39, 0, 2249, 347, 467, 58, 86, 26, 1662, 578, 21, 6, 72, 12, 241, 48),
(23, 3, '2021_9', 1983, 658, 6234, 1803, 7904, 1564, 2058, 165, 1, 0, 36, 0, 2054, 206, 435, 130, 73, 21, 1160, 474, 20, 6, 70, 12, 267, 48),
(24, 3, '2022_9', 2071, 679, 6969, 1977, 12203, 1691, 2684, 265, 0, 0, 39, 0, 2249, 347, 467, 58, 88, 26, 1662, 578, 21, 6, 72, 12, 241, 48),
(25, 3, '2021_9', 1983, 658, 6234, 1803, 7904, 1564, 2058, 165, 1, 0, 36, 0, 2054, 206, 435, 130, 73, 21, 1160, 474, 20, 6, 70, 12, 267, 48),
(26, 3, '2022_9', 2071, 679, 6969, 1977, 12203, 1691, 2684, 265, 0, 0, 39, 0, 2249, 347, 467, 58, 88, 26, 1662, 578, 21, 6, 72, 12, 241, 48),
(27, 3, '2021_9', 1983, 658, 6234, 1803, 7904, 1564, 2058, 165, 1, 0, 36, 0, 2054, 206, 435, 130, 73, 21, 1160, 474, 20, 6, 70, 12, 267, 48),
(28, 3, '2022_9', 2071, 679, 6969, 1977, 12203, 1691, 2684, 265, 0, 0, 39, 0, 2249, 347, 467, 58, 88, 26, 1662, 578, 21, 6, 72, 12, 241, 48),
(29, 3, '2021_9', 1983, 658, 6234, 1803, 7904, 1564, 2058, 165, 1, 0, 36, 0, 2054, 206, 435, 130, 73, 21, 1160, 474, 20, 6, 70, 12, 267, 48),
(30, 3, '2022_9', 2072, 679, 6969, 1977, 12203, 1691, 2684, 265, 0, 0, 39, 0, 2249, 347, 467, 58, 88, 26, 1662, 578, 21, 6, 72, 12, 241, 48),
(31, 3, '2021_9', 1983, 658, 6234, 1803, 7904, 1564, 2058, 165, 1, 0, 36, 0, 2054, 206, 435, 130, 73, 21, 1160, 474, 20, 6, 70, 12, 267, 48),
(32, 3, '2022_9', 2072, 679, 6969, 1977, 12203, 1691, 2684, 265, 0, 0, 39, 0, 2249, 347, 467, 58, 92, 26, 1662, 578, 21, 6, 72, 12, 241, 48),
(33, 3, '2021_9', 1983, 658, 6234, 1803, 7904, 1564, 2058, 165, 1, 0, 36, 0, 2054, 206, 435, 130, 73, 21, 1160, 474, 20, 6, 70, 12, 267, 48),
(34, 3, '2022_9', 2072, 679, 6969, 1977, 12203, 1691, 2684, 265, 0, 0, 39, 0, 2249, 347, 467, 58, 92, 26, 1674, 578, 21, 6, 72, 12, 241, 48),
(35, 3, '2021_10', 1544, 118, 4917, 256, 6959, 166, 2034, 148, 1, 0, 40, 0, 2131, 210, 439, 111, 58, 6, 866, 28, 12, 0, 57, 0, 211, 0),
(36, 3, '2022_10', 1637, 148, 5847, 320, 11255, 318, 2779, 191, 0, 0, 41, 0, 2370, 453, 470, 53, 82, 5, 1297, 72, 15, 0, 63, 0, 189, 0),
(37, 3, '2021_10', 2151, 697, 6666, 1866, 8549, 1608, 2232, 258, 1, 0, 40, 0, 2232, 223, 479, 133, 78, 26, 1344, 506, 22, 7, 75, 15, 285, 56),
(38, 3, '2022_10', 2257, 734, 7624, 2010, 12832, 1786, 2942, 286, 0, 0, 41, 0, 2445, 460, 492, 63, 104, 27, 1813, 588, 23, 7, 79, 15, 250, 56),
(39, 3, '2021_10', 2151, 697, 6666, 1866, 8549, 1608, 2232, 258, 1, 0, 40, 0, 2232, 223, 479, 133, 78, 26, 1344, 506, 22, 7, 75, 15, 285, 56),
(40, 3, '2022_10', 2257, 734, 7624, 2010, 12832, 1786, 2942, 286, 0, 0, 41, 0, 2445, 460, 492, 63, 104, 27, 1813, 588, 23, 7, 79, 15, 250, 56),
(41, 3, '2021_11', 2263, 722, 7283, 1988, 9171, 1726, 2400, 268, 1, 0, 43, 0, 2413, 235, 522, 137, 82, 24, 1643, 572, 23, 7, 75, 15, 287, 56),
(42, 3, '2022_11', 2404, 794, 8597, 2485, 13511, 1913, 3163, 306, 0, 0, 47, 0, 2568, 478, 522, 65, 128, 38, 2365, 978, 24, 7, 83, 15, 258, 56),
(43, 3, '2022_1', 347, 85, 619, 124, 2375, 133, 177, 11, 0, 0, 3, 0, 170, 40, 45, 3, 5, 0, 44, 0, 1, 0, 2, 0, 11, 0),
(44, 3, '2023_1', 347, 86, 646, 106, 2205, 81, 346, 31, 0, 0, 6, 0, 231, 16, 34, 0, 6, 0, 60, 0, 2, 0, 6, 0, 14, 0),
(45, 3, '2022_2', 228, 129, 584, 424, 176, 115, 118, 35, 0, 0, 0, 0, 103, 24, 23, 5, 7, 7, 276, 276, 1, 1, 3, 3, 8, 8),
(46, 3, '2023_2', 274, 163, 799, 413, 280, 135, 343, 64, 0, 0, 0, 0, 157, 23, 20, 6, 26, 12, 434, 288, 2, 2, 5, 5, 16, 16),
(47, 3, '2022_4', 1299, 483, 3459, 1373, 6285, 1371, 1133, 110, 0, 0, 23, 0, 982, 133, 228, 32, 39, 19, 940, 448, 13, 3, 38, 6, 100, 24),
(48, 3, '2023_4', 1231, 475, 3531, 1367, 8692, 1233, 1385, 142, 0, 0, 22, 2, 1037, 83, 185, 12, 60, 20, 1228, 450, 9, 4, 24, 9, 58, 31),
(49, 3, '2022_5', 1442, 509, 3973, 1453, 9179, 1464, 1362, 138, 0, 0, 20, 0, 1053, 70, 250, 34, 40, 18, 954, 443, 17, 5, 53, 9, 141, 40),
(50, 3, '2023_5', 1462, 536, 4230, 1454, 9160, 1257, 1839, 217, 0, 0, 24, 0, 1165, 89, 251, 38, 73, 18, 1394, 439, 13, 7, 36, 17, 111, 55),
(51, 3, '2022_5', 1442, 509, 3973, 1453, 9179, 1464, 1362, 138, 0, 0, 20, 0, 1053, 70, 250, 34, 40, 18, 954, 443, 17, 5, 53, 9, 141, 40),
(52, 3, '2023_5', 1462, 536, 4230, 1454, 9180, 1257, 1839, 217, 0, 0, 24, 0, 1165, 89, 251, 38, 73, 18, 1394, 439, 13, 7, 36, 17, 111, 55),
(53, 3, '2022_6', 1580, 555, 4775, 1695, 10046, 1507, 2002, 305, 0, 0, 32, 0, 1486, 102, 332, 52, 56, 22, 1128, 493, 18, 5, 59, 9, 184, 40),
(54, 3, '2023_6', 1649, 575, 5177, 1694, 9773, 1287, 2494, 260, 0, 0, 33, 0, 1683, 124, 398, 48, 104, 24, 1688, 601, 15, 7, 41, 17, 153, 55),
(55, 3, '2022_6', 1580, 555, 4775, 1695, 10046, 1507, 2002, 305, 0, 0, 32, 0, 1486, 102, 332, 52, 56, 22, 1128, 493, 18, 5, 59, 9, 184, 40),
(56, 3, '2023_6', 1649, 575, 5203, 1694, 9773, 1287, 2494, 260, 0, 0, 33, 0, 1683, 124, 398, 48, 104, 24, 1688, 601, 15, 7, 41, 17, 153, 55),
(57, 3, '2022_6', 1580, 555, 4775, 1695, 10046, 1507, 2002, 305, 0, 0, 32, 0, 1486, 102, 332, 52, 56, 22, 1128, 493, 18, 5, 59, 9, 184, 40),
(58, 3, '2023_6', 1649, 575, 5206, 1694, 9773, 1287, 2494, 260, 0, 0, 33, 0, 1683, 124, 398, 48, 104, 24, 1688, 601, 15, 7, 41, 17, 153, 55),
(59, 3, '2022_6', 1580, 555, 4775, 1695, 10046, 1507, 2002, 305, 0, 0, 32, 0, 1486, 102, 332, 52, 56, 22, 1128, 493, 18, 5, 59, 9, 184, 40),
(60, 3, '2023_6', 1649, 575, 5206, 1694, 9773, 1287, 2494, 260, 0, 0, 33, 0, 1683, 124, 398, 48, 104, 24, 1688, 601, 15, 7, 41, 17, 153, 55),
(61, 3, '2022_6', 1580, 555, 4775, 1695, 10046, 1507, 2002, 305, 0, 0, 32, 0, 1486, 102, 332, 52, 56, 22, 1128, 493, 18, 5, 59, 9, 184, 40),
(62, 3, '2023_6', 1649, 575, 5206, 1694, 9773, 1287, 2494, 260, 0, 0, 33, 0, 1690, 124, 398, 48, 104, 24, 1700, 601, 15, 7, 41, 17, 153, 55),
(63, 3, '2022_7', 1729, 576, 5447, 1737, 10575, 1567, 2356, 317, 0, 0, 32, 0, 1871, 274, 388, 52, 64, 23, 1227, 514, 20, 5, 69, 9, 222, 40),
(64, 3, '2023_7', 1801, 598, 5799, 1717, 10377, 1297, 2856, 272, 0, 0, 33, 0, 1927, 133, 456, 51, 113, 24, 1806, 601, 15, 7, 41, 17, 153, 55);

--
-- Индексы сохранённых таблиц
--

--
-- Индексы таблицы `administatrors_user`
--
ALTER TABLE `administatrors_user`
  ADD PRIMARY KEY (`id`);

--
-- Индексы таблицы `answer_message_alert_users`
--
ALTER TABLE `answer_message_alert_users`
  ADD PRIMARY KEY (`id`);

--
-- Индексы таблицы `cultural_events`
--
ALTER TABLE `cultural_events`
  ADD PRIMARY KEY (`id_otchets`),
  ADD KEY `id_usersss` (`id_user`);

--
-- Индексы таблицы `cultural_events_arkhive`
--
ALTER TABLE `cultural_events_arkhive`
  ADD PRIMARY KEY (`id_arhive`);

--
-- Индексы таблицы `cultural_events_log_edit`
--
ALTER TABLE `cultural_events_log_edit`
  ADD PRIMARY KEY (`id_edit`),
  ADD KEY `id_authors` (`id_author_edit`),
  ADD KEY `id_otchets` (`id_otchet`);

--
-- Индексы таблицы `key_indicators`
--
ALTER TABLE `key_indicators`
  ADD PRIMARY KEY (`id_otchet`);

--
-- Индексы таблицы `key_indicators_arkhive`
--
ALTER TABLE `key_indicators_arkhive`
  ADD PRIMARY KEY (`id_arhive`);

--
-- Индексы таблицы `key_indicators_log_edit`
--
ALTER TABLE `key_indicators_log_edit`
  ADD PRIMARY KEY (`id_edit`),
  ADD KEY `Idotchets` (`id_otchet`),
  ADD KEY `idUsers` (`id_author_edit`);

--
-- Индексы таблицы `otchet_cod`
--
ALTER TABLE `otchet_cod`
  ADD PRIMARY KEY (`id_otchet`),
  ADD KEY `id_user` (`id_user`);

--
-- Индексы таблицы `otchet_cod_all`
--
ALTER TABLE `otchet_cod_all`
  ADD PRIMARY KEY (`id_otchets`);

--
-- AUTO_INCREMENT для сохранённых таблиц
--

--
-- AUTO_INCREMENT для таблицы `administatrors_user`
--
ALTER TABLE `administatrors_user`
  MODIFY `id` int(11) NOT NULL AUTO_INCREMENT, AUTO_INCREMENT=18;

--
-- AUTO_INCREMENT для таблицы `answer_message_alert_users`
--
ALTER TABLE `answer_message_alert_users`
  MODIFY `id` int(11) NOT NULL AUTO_INCREMENT, AUTO_INCREMENT=15;

--
-- AUTO_INCREMENT для таблицы `cultural_events`
--
ALTER TABLE `cultural_events`
  MODIFY `id_otchets` int(11) NOT NULL AUTO_INCREMENT, AUTO_INCREMENT=15;

--
-- AUTO_INCREMENT для таблицы `cultural_events_arkhive`
--
ALTER TABLE `cultural_events_arkhive`
  MODIFY `id_arhive` int(11) NOT NULL AUTO_INCREMENT;

--
-- AUTO_INCREMENT для таблицы `cultural_events_log_edit`
--
ALTER TABLE `cultural_events_log_edit`
  MODIFY `id_edit` int(20) NOT NULL AUTO_INCREMENT, AUTO_INCREMENT=15;

--
-- AUTO_INCREMENT для таблицы `key_indicators`
--
ALTER TABLE `key_indicators`
  MODIFY `id_otchet` int(11) NOT NULL AUTO_INCREMENT, AUTO_INCREMENT=79;

--
-- AUTO_INCREMENT для таблицы `key_indicators_arkhive`
--
ALTER TABLE `key_indicators_arkhive`
  MODIFY `id_arhive` int(11) NOT NULL AUTO_INCREMENT, AUTO_INCREMENT=6;

--
-- AUTO_INCREMENT для таблицы `key_indicators_log_edit`
--
ALTER TABLE `key_indicators_log_edit`
  MODIFY `id_edit` int(20) NOT NULL AUTO_INCREMENT, AUTO_INCREMENT=89;

--
-- AUTO_INCREMENT для таблицы `otchet_cod`
--
ALTER TABLE `otchet_cod`
  MODIFY `id_otchet` int(11) NOT NULL AUTO_INCREMENT, AUTO_INCREMENT=290;

--
-- AUTO_INCREMENT для таблицы `otchet_cod_all`
--
ALTER TABLE `otchet_cod_all`
  MODIFY `id_otchets` int(11) NOT NULL AUTO_INCREMENT, AUTO_INCREMENT=65;

--
-- Ограничения внешнего ключа сохраненных таблиц
--

--
-- Ограничения внешнего ключа таблицы `cultural_events`
--
ALTER TABLE `cultural_events`
  ADD CONSTRAINT `id_usersss` FOREIGN KEY (`id_user`) REFERENCES `administatrors_user` (`id`);

--
-- Ограничения внешнего ключа таблицы `cultural_events_log_edit`
--
ALTER TABLE `cultural_events_log_edit`
  ADD CONSTRAINT `id_authors` FOREIGN KEY (`id_author_edit`) REFERENCES `administatrors_user` (`id`),
  ADD CONSTRAINT `id_otchets` FOREIGN KEY (`id_otchet`) REFERENCES `cultural_events` (`id_otchets`);

--
-- Ограничения внешнего ключа таблицы `key_indicators_log_edit`
--
ALTER TABLE `key_indicators_log_edit`
  ADD CONSTRAINT `Idotchets` FOREIGN KEY (`id_otchet`) REFERENCES `key_indicators` (`id_otchet`),
  ADD CONSTRAINT `idUsers` FOREIGN KEY (`id_author_edit`) REFERENCES `administatrors_user` (`id`);
COMMIT;

/*!40101 SET CHARACTER_SET_CLIENT=@OLD_CHARACTER_SET_CLIENT */;
/*!40101 SET CHARACTER_SET_RESULTS=@OLD_CHARACTER_SET_RESULTS */;
/*!40101 SET COLLATION_CONNECTION=@OLD_COLLATION_CONNECTION */;
